"SKU","CostoProm","UltimoCosto","CostoMercadoLibre"
"CUES450017NO","0","20490","20490"
"AA-1871","10690","10690","10690"
"AA-499","0","11990","11990"
"AA-498","6290","6290","6290"
"SAFRAZ151700","0","7190","7190"
"SAFRAZ201700","0","8790","8790"
"AA-1803","0","12490","12490"
"LOST30AZ17NO","0","17990","17990"
"LOST30VE17NO","0","17990","17990"
"SAPO00202001","0","8390","8390"
"SAPOLI152001","0","6990","6990"
"SAPOLI252001","9590","9590","9590"
"SAMA012017BL","0","4850","4850"
"SAMA012417BL","0","5990","5990"
"AA-1392","0","8560","8560"
"AA-1393","0","10290","10290"
"AA-1396","0","12190","12190"
"2022061521-DG","0","12529","12529"
"9999916892001","0","5000","5000"
"SG-7270","0","33397","33397"
"SG-8440","0","0","0"
"ATA3002PWH","24980","24980","24980"
"ATA3002PGY","24980","24980","24980"
"20191282-BR","0","4156","4156"
"20191282-GY","4156","4156","4156"
"20191282-OR","0","4156","4156"
"2022033003-WH","0","30314","30314"
"SG-3510C07","0","8187","8187"
"SG-4651","0","34658","34658"
"SG-3540","0","25204","25204"
"SG-4654","0","37809","37809"
"SG-4716","0","44111","44111"
"SG-3512D1","0","18901","18901"
"SG-3512D2","0","18901","18901"
"KH-1289","0","0","0"
"KH-1292","0","6500","6500"
"KH-1531","0","1400","1400"
"KH-414","0","0","0"
"KH-451","0","0","0"
"71882700741254","0","1800","1800"
"S/KH-9360511","0","2500","2500"
"KH-9360511","4500","4500","4500"
"0001D15-CEL","0","14272","14272"
"0001D15-GY","0","14272","14272"
"0001D20-BR","0","18522","18522"
"0001D20-GY","0","18522","18522"
"0001D25-BG","0","23426","23426"
"0001D25-GY","0","23426","23426"
"0001D25-GREE","0","23426","23426"
"AN-237-BR","0","15207","15207"
"AN-240-BR","0","19712","19712"
"AN-265-BR","0","25432","25432"
"AN-439-BLU","0","10515","10515"
"AN-439-PUR","0","10515","10515"
"AN-439-RED","0","10515","10515"
"AN-271-BLU","0","9432","9432"
"AN-271-BRO","0","9432","9432"
"AN-271-PUR","0","9432","9432"
"AN-271-RED","0","9342","9342"
"AN-376-BLU","0","12963","12963"
"AN-376-PUR","0","12963","12963"
"AN-376-RED","0","12963","12963"
"AN-376-GRE","0","12963","12963"
"AN-377-RED","0","16796","16796"
"AN-2014-GY","0","14290","14290"
"AN-2014-PUR","0","14290","14290"
"AN-2014-GRE","0","14290","14290"
"AN-2015-PUR","0","17250","17250"
"AN-2016-BLU","0","18650","18650"
"AN-2016-PUR","0","18650","18650"
"AN-2016-PINK","0","18650","18650"
"AN-390-FOC","14950","14950","14950"
"AN-434-FOC","0","19350","19350"
"AN-434-LGY","0","19350","19350"
"AN-434-RAZ","0","19350","19350"
"AN-1631-CEL","0","17150","17150"
"AN-1632-BLU","0","22460","22460"
"AN-1632-BRO","0","22460","22460"
"AN-1632-PUR","0","22460","22460"
"AN-1632-PIN","0","22460","22460"
"AN-1632-TUR","0","22460","22460"
"AN-1633-BLU","0","19202","19202"
"AN-1633-BRO","0","19202","19202"
"AN-1633-CEL","0","19202","19202"
"AN-1633-PUR","0","19202","19202"
"AN-1633-PIN","0","19202","19202"
"AN-1633-GREE","0","19202","19202"
"66845502323441","0","1681","1681"
"33567","0","8394","8394"
"33580","0","8394","8394"
"33420","0","2994","2994"
"36787","9995","9995","9995"
"36481","6993","6993","6993"
"28872","0","4794","4794"
"28873","0","4794","4794"
"30283","7996","7996","7996"
"26143","0","7558","7558"
"27992","0","11990","11990"
"16206","0","17990","17990"
"33472","0","3990","3990"
"31651","0","8994","8994"
"27688","0","20994","20994"
"27698","0","20994","20994"
"26789","0","3358","3358"
"22910","0","7794","7794"
"23274","0","8994","8994"
"18993","8994","8994","8994"
"35025","0","1672","1672"
"33654-BAT","2994","2994","2994"
"33654-FLA","0","2994","2994"
"33654-SUP","2994","2994","2994"
"27924-KEV","0","12597","12597"
"27924-STU","0","12597","12597"
"27565","0","7138","7138"
"27564","0","7138","7138"
"30291","0","1005","1005"
"21407","0","10194","10194"
"26780","0","10194","10194"
"26948","0","1497","1497"
"27505-AM","0","11994","11994"
"27505-AZ","0","11994","11994"
"27505-RO","0","11994","11994"
"26970","0","2994","2994"
"26752","0","1677","1677"
"31030","0","10194","10194"
"28014","0","8994","8994"
"25994","0","8994","8994"
"24276-DIN","5495","5495","5495"
"21978","0","21474","21474"
"36760","9995","9995","9995"
"33466","0","3990","3990"
"32252","0","3594","3594"
"30716","0","5394","5394"
"36753","0","3995","3995"
"33066","0","20990","20990"
"30282","0","8990","8990"
"28137","4995","4995","4995"
"26520","14990","14990","14990"
"21661","11994","11994","11994"
"27420","0","5990","5990"
"27464","0","13990","13990"
"30689","0","9990","9990"
"30772","0","9990","9990"
"5126","0","4494","4494"
"26072024","0","0","0"
"34035","0","9990","9990"
"10871","0","4613","4613"
"33209","0","7794","7794"
"27938","0","3594","3594"
"33073","0","11994","11994"
"4278-MAT","0","4745","4745"
"30293","0","3694","3694"
"21653","745","745","745"
"33210","0","10194","10194"
"27744","0","5037","5037"
"33400","0","4790","4790"
"30296","2770","2770","2770"
"30294","0","5038","5038"
"26034","0","24990","24990"
"23593","0","22790","22790"
"25997","0","22790","22790"
"21980","0","22790","22790"
"20998","4995","4995","4995"
"21000","0","9995","9995"
"26033","0","6990","6990"
"27443","0","5995","5995"
"27990","14990","14990","14990"
"30683","0","5394","5394"
"35133","0","7794","7794"
"27928-PARA","0","2936","2936"
"27928-VE","0","2936","2936"
"27932","0","2936","2936"
"26497","0","10915","10915"
"33526","0","12490","12490"
"13057","0","7794","7794"
"26786","5394","5394","5394"
"33555","0","9594","9594"
"33570","0","8990","8990"
"32028","0","4193","4193"
"35864","8994","8994","8994"
"32045","0","7794","7794"
"23778","0","1990","1990"
"26836","0","11994","11994"
"33584","9995","9995","9995"
"37102024","0","12469","12469"
"20201035-BK","0","11895","11895"
"OLIN060017NO","0","24990","24990"
"2020191299-BK","0","8550","8550"
"10101062-BK","0","10576","10576"
"TH-1407","0","28228","28228"
"TH-1415","0","31758","31758"
"TH-1870","0","49405","49405"
"2022061515-WH","0","15647","15647"
"17102025M-BK","0","4888","4888"
"17102025M-CR","0","4888","4888"
"17102025M-PU","0","4888","4888"
"17102025Q-BL","14088","14088","14088"
"4112025Q80-BK","4888","4888","4888"
"20201046-BK","0","8709","8709"
"20200931-BK","0","6878","6878"
"20200931-PI","0","6878","6878"
"20200931-RE","0","6878","6878"
"20200930-WH","0","8864","8864"
"20200929-BK","0","7556","7556"
"20200929-AZ","0","7556","7556"
"20200929-PI","0","7556","7556"
"20200929-WH","0","7556","7556"
"20200911-VE","0","6684","6684"
"20200911-WH","0","6684","6684"
"20200910-BL","0","6684","6684"
"20200910-VE","0","6684","6684"
"20201044-BK","0","10836","10836"
"20201044-WH","0","8991","8991"
"WI-C200-BK","0","0","0"
"WI-C200-WH","0","0","0"
"WI-C310-BL","0","0","0"
"2020191305-BL","0","22281","22281"
"2020191305-PI","0","22281","22281"
"2020191305-WH","0","22281","22281"
"WH-CH510-BL","0","24631","24631"
"WH-CH510-WH","0","24631","24631"
"WH-CH510-BK","0","24631","24631"
"MDR-AS210/YQLA-YE","0","5371","5371"
"MDR-AS210/YQLA-BL","0","5371","5371"
"MDR-AS210/YQLA-BK","0","5371","5371"
"MDR-EX15AP-WH","0","5371","5371"
"MDR-EX15AP-PU","0","5371","5371"
"MDR-EX15AP-BK","0","5371","5371"
"MDR-EX15LPBZUC-BL","0","4363","4363"
"MDR-EX15LPBZUC-PU","0","5454","5454"
"MDR-EX15LPBZUC-BK","0","5454","5454"
"MDRZX110-WH","0","7555","7555"
"MDRZX110-BK","0","7555","7555"
"MDRZX310APB-RE","0","9405","9405"
"MDRZX310APB-WHGY","0","9405","9405"
"MDRZX310APB-BK","0","9405","9405"
"20201025-BL","0","0","0"
"20201025-VE","0","8","8"
"20201025-RE","0","8652","8652"
"20201025-YE","0","10135","10135"
"20201020-BL","0","0","0"
"20201020-GR","0","14401","14401"
"20201020-RD","0","11282","11282"
"20201020-RE","0","10533","10533"
"4537-MAT","0","964","964"
"2022020914-WH","26771","26771","26771"
"20201024-PU","0","4471","4471"
"2022061505-BK","0","9042","9042"
"2022061505-GY","0","11059","11059"
"21907-MAT","0","13327","13327"
"10871-MAT3","0","3024","3024"
"10871-MAT1","0","3024","3024"
"10871-MAT2","0","3024","3024"
"21894-MAT","0","12115","12115"
"25812-MAT","0","13327","13327"
"23946-MAT2","0","9085","9085"
"23946-MAT1","0","9085","9085"
"22928-MAT","0","12115","12115"
"21895-MAT1","0","12115","12115"
"21895-MAT2","0","12115","12115"
"21895-MAT3","0","12115","12115"
"21895-MAT4","0","12115","12115"
"21895-MAT5","0","12115","12115"
"21915-MAT3","0","7267","7267"
"21915-MAT2","0","7267","7267"
"21915-MAT1","0","7267","7267"
"22932-MAT","0","12115","12115"
"20654-MAT","0","2600","2600"
"72409385607082","0","26990","26990"
"BL-3247","0","39389","39389"
"BL-3248","0","54035","54035"
"TH-870P","0","35120","35120"
"TH-8810M","0","8296","8296"
"TH-8830","0","11850","11850"
"TH-8845M","0","15960","15960"
"TH-910PB","0","69741","69741"
"2022033026-MC","0","1864","1864"
"2022033027-BK","0","2554","2554"
"2022033027-BR","2554","2554","2554"
"2022033027-CR","0","2554","2554"
"2022033027-MC","0","2662","2662"
"2022033027-PI","0","3411","3411"
"2022033027-SB","0","2554","2554"
"2022033025-MC","0","2119","2119"
"2022033028-BR","0","9052","9052"
"2022033030-MC","11182","11182","11182"
"2022033029-BR","0","8147","8147"
"2022061511-BK","0","3780","3780"
"2022061511-BR","0","4694","4694"
"2022061510-BLA","0","2248","2248"
"2022061510-BLU","0","2248","2248"
"2022061510-DBR","0","2248","2248"
"2022061510-LBR","0","2248","2248"
"2022061508-MC","0","5783","5783"
"2022260905-MC","0","11840","11840"
"2022260904-MC","21363","21363","21363"
"2022061509-MC","9984","9984","9984"
"2022260906-MC","0","34306","34306"
"66845326586170","12605","12605","12605"
"66845322105106","10084","10084","10084"
"BG-7566-GY","0","13464","13464"
"BG-7566-BK","0","13464","13464"
"2022053103-BK","0","4594","4594"
"2022053103-BL","0","4594","4594"
"2022053103-GR","4594","4594","4594"
"2022053103-KH","0","4594","4594"
"BG-2378-GY","0","19651","19651"
"BG-2378-BK","0","19651","19651"
"2022033018-MC","0","852","852"
"66845496249769","0","3782","3782"
"14082023-AN","0","18500","18500"
"11082023-EST","0","15398","15398"
"73437335531595","0","15000","15000"
"11082023-120W","0","32000","32000"
"11082023-200W","0","41000","41000"
"11082023-60W","0","23000","23000"
"11082023-90W","0","27000","27000"
"14082023-GUSO","0","7800","7800"
"73437330951791","0","6990","6990"
"14082023-LUHA","0","7800","7800"
"11082023-PR20","0","45000","45000"
"11082023-PR30","0","53000","53000"
"KH-644","0","5300","5300"
"KH-645","0","7700","7700"
"KHS-0007","0","2625","2625"
"KHS-0008","2775","2775","2775"
"020070603153","0","3375","3375"
"20070604153","3975","3975","3975"
"20070605011","0","5300","5300"
"20080601156","0","5100","5100"
"20080601005","0","5100","5100"
"20080601002","0","5100","5100"
"20080601134","0","0","0"
"20080601022","0","5100","5100"
"20080601161","0","5100","5100"
"20080602156","0","5400","5400"
"20080602005","0","5400","5400"
"20080602004","0","5400","5400"
"20080602134","0","5400","5400"
"20080603156","0","6300","6300"
"20080603005","0","6300","6300"
"20080603004","0","6300","6300"
"20080603134","0","6300","6300"
"20080604156","0","7200","7200"
"20080604005","0","7200","7200"
"20080604004","0","7200","7200"
"20080604134","0","7200","7200"
"2020191319-BL","5288","5288","5288"
"2022020906-WH","0","28059","28059"
"BH-1497","0","0","0"
"BH-6302","0","8561","8561"
"BH-6941","0","0","0"
"BH-6385","0","9591","9591"
"BH-6777","0","9591","9591"
"BH-6942","0","11106","11106"
"BH-6384","0","11106","11106"
"20191277-BK","0","76477","76477"
"2020191300-GL","0","3270","3270"
"TH-129E","0","35120","35120"
"TH-130","12767","12767","12767"
"TH-138i","0","19153","19153"
"TH-141DI","0","23624","23624"
"TH-CH40","0","31926","31926"
"TH-CH42","0","0","0"
"TH-FH30","0","19153","19153"
"TH-FH31","0","25540","25540"
"SG-1100","0","13859","13859"
"SG-5120D4","0","16380","16380"
"SG-5010","0","0","0"
"SG-5011","35918","35918","35918"
"SG-5120D5","16380","16380","16380"
"SG-5121D4","0","26464","26464"
"SG-5151","0","50414","50414"
"SG-5121D5","0","26464","26464"
"24102024-BG","0","15426","15426"
"24102024-CR","0","15426","15426"
"24102024-MZ","0","15426","15426"
"24102024-PR","0","15426","15426"
"23102024-BL","0","11863","11863"
"23102024-GY","0","11863","11863"
"20201038-BG","10333","10333","10333"
"20201038-BR","0","6172","6172"
"20201038-GR","0","10333","10333"
"20201038-PI","0","0","0"
"20191281-GY","0","13001","13001"
"20191274-BL","0","12876","12876"
"20191274-WH","0","14452","14452"
"20191274-WHA","0","16028","16028"
"10101074-GY","0","8223","8223"
"25102024-BKGY","0","4738","4738"
"25102024-BKRE","0","4738","4738"
"26102024-BKGY","0","5926","5926"
"26102024-BKRE","0","5926","5926"
"2022033008-BLP","0","6437","6437"
"2022033008-BLS","0","6437","6437"
"2022033008-BRS","0","6437","6437"
"2022033008-REP","0","6437","6437"
"2022033008-RES","0","6437","6437"
"2022033007-GY","0","5059","5059"
"2022033006-PU","0","3727","3727"
"2022033010-BR","0","4207","4207"
"2022033009-BR","0","3142","3142"
"20200504-BL","22205","22205","22205"
"20201017-BK","10794","10794","10794"
"20191212-BL","0","1110","1110"
"20191212-SI","0","1110","1110"
"2023111009-BG","0","40068","40068"
"20668-MAT","0","1812","1812"
"24288-MAT2","0","18176","18176"
"24288-MAT1","0","18176","18176"
"31122024","0","14000","14000"
"20191285-SI","0","2295","2295"
"SG-6100","0","0","0"
"2020191310-BK","0","2441","2441"
"2020191310-SA","0","2441","2441"
"2020191310-GY","0","2441","2441"
"2020191310-RE","0","2441","2441"
"2020191310-WH","0","2441","2441"
"MT-1997","0","1000","1000"
"CH-1129","0","1890","1890"
"CH-1134","0","5200","5200"
"CH-170","3400","3400","3400"
"CH-1143","0","7650","7650"
"174773752005","0","16700","16700"
"103462307812","19990","19990","19990"
"1034463307821","24990","24990","24990"
"103472307833","0","16550","16550"
"103472307834","0","16550","16550"
"109533342703","0","11960","11960"
"109534342706","0","15127","15127"
"109534342705","0","15127","15127"
"109535342709","0","16535","16535"
"109535342707","0","16535","16535"
"77549093413426","1850","1850","1850"
"77549090557033","1850","1850","1850"
"77549087671257","0","1850","1850"
"115083383801","15100","15100","15100"
"115083383804","15100","15100","15100"
"115083383807","15100","15100","15100"
"113021365402","11906","11906","11906"
"115452383920","0","17550","17550"
"115453383921","0","18820","18820"
"112312361602","15652","15652","15652"
"114691380410","0","8400","8400"
"112219359334","0","5631","5631"
"112217359329","0","7420","7420"
"112217359326","0","7420","7420"
"112216359337","0","6038","6038"
"112216359335","0","6038","6038"
"112216359331","0","6038","6038"
"110231346405","4860","4860","4860"
"196220279314","0","4890","4890"
"196219279312","0","7800","7800"
"196213279301","0","4890","4890"
"103823305037","10000","10000","10000"
"198487281403","0","10000","10000"
"198487281404","10000","10000","10000"
"196769278811","0","12000","12000"
"109533342702","11960","11960","11960"
"109533342701","0","12026","12026"
"109534342704","0","15390","15390"
"112586363814","0","16901","16901"
"113024365408","0","11906","11906"
"113025365409","13077","13077","13077"
"112854365713","8766","8766","8766"
"112855365714","0","10015","10015"
"112856365715","0","11090","11090"
"112355361718","0","9532","9532"
"112355361722","0","9532","9532"
"112351361710","0","9532","9532"
"112351361714","0","9532","9532"
"112356361719","0","11581","11581"
"112356361723","0","11561","11561"
"112352361711","0","11561","11561"
"112357361720","0","13186","13186"
"112353361716","0","13186","13186"
"112369361783","0","18442","18442"
"112369361791","18442","18442","18442"
"112369361787","0","18442","18442"
"112213359306","0","5712","5712"
"112213359314","0","5712","5712"
"112214359315","0","7101","7101"
"7806427756826","0","20000","20000"
"7806427756949","0","29000","29000"
"780642775700-7","0","0","0"
"780642775703-8","0","0","0"
"780642775701-4","0","0","0"
"780642775704-5","0","0","0"
"780642775702-1","0","0","0"
"7806427757007","0","32347","32347"
"7806427757014","0","35288","35288"
"7806427757021","0","38229","38229"
"66845494149698","2101","2101","2101"
"201912116-BL","0","383","383"
"201912116-AZ","0","383","383"
"201912116-PI","0","383","383"
"201912116-RE","0","383","383"
"PLECAR110P15A","0","23941","23941"
"PLECAR000P15W","0","23941","23941"
"ALCNBLA01A59Z","0","8399","8399"
"ALCNBLA01A57Z","0","10500","10500"
"ALRSGDA01A59Z","0","12600","12600"
"ALRSGDA01A57Z","0","11550","11550"
"CN-2006-GY","0","6371","6371"
"CN-2006-TUR","0","6371","6371"
"76599115852144","0","249990","249990"
"CBCNAH124P25A","27306","27306","27306"
"CLAFBG003P20Z","0","31089","31089"
"CCAFCDA01P20Z","0","4202","4202"
"FDRSAS018P20A","0","29403","29403"
"FDCNBB026P20Z","0","33605","33605"
"frafbr014p20w","7727","7727","7727"
"frafbr017p20w","7727","7727","7727"
"frafbr015p20w","7727","7727","7727"
"frafe16x20w26","9659","9659","9659"
"frafe14x20w26","9659","9659","9659"
"frafe15x25w26","0","10500","10500"
"frafe14x25w26","0","10500","10500"
"frafe14x15w26","8399","8399","8399"
"FDCNBUA01P20S","0","26882","26882"
"JSAFAB403P25Z","0","0","0"
"jsafab412p25w","0","18903","18903"
"jsafab417p25w","0","18903","18903"
"JSAFAB404P25Z","0","16803","16803"
"jsafab416p25w","0","18903","18903"
"JSAFAB401P25Z","0","0","0"
"jsafab414p25w","0","18903","18903"
"jsafab420p25w","0","18903","18903"
"JSCNBC002P20Z","0","0","0"
"JSCNBC005P25Z","0","0","0"
"JSCNBC004P25Z","0","0","0"
"JSCNAE110P25W","0","25210","25210"
"JSECAE118P25Z","0","25206","25206"
"jsecae132p25w","0","21845","21845"
"JSCNAE112P25W","0","25202","25202"
"jsecae105p25w","0","21845","21845"
"JSECAE122P25Z","0","25206","25206"
"JSCNAE124P25A","0","25202","25202"
"JSECAE119P25Z","0","25206","25206"
"JSECAE111P25A","0","25206","25206"
"JSECAE113P25B","0","25206","25206"
"JSECAE102P25W","0","25206","25206"
"jsecae117p25b","0","21845","21845"
"JSECAE120P25Z","0","25206","25206"
"JSECAE107P25A","0","21845","21845"
"jsafab412p15w","0","11761","11761"
"jsafab410p15w","0","11761","11761"
"jsafab383p15x","0","11761","11761"
"jsafab409p15w","0","11761","11761"
"JSAFAB418P20W","0","13442","13442"
"jsafab412p20w","0","13442","13442"
"JSAFABA11P20W","0","13442","13442"
"jscnae104p25v","0","15123","15123"
"jscnae120p25a","0","15123","15123"
"JSCNAE101P25V","0","15123","15123"
"JSECAE110P15A","0","0","0"
"JSCNAE108P15W","0","16803","16803"
"jsecae105p15w","0","15123","15123"
"JSCNAE124P15A","0","16803","16803"
"JSECAE021P15T","0","16803","16803"
"JSECAE100P15W","0","15123","15123"
"JSECAE113P15B","0","16803","16803"
"JSECAE030P15V","0","16803","16803"
"JSCNAE109P20W","0","21000","21000"
"JSCNAE137P20B","0","21004","21004"
"JSECAE118P20Z","0","21004","21004"
"jsecae132p20w","0","19156","19156"
"JSECAE110P20A","0","21004","21004"
"JSECAE106P20W","0","21004","21004"
"jsecae135p20w","0","19156","19156"
"JSCNAE112P20W","0","21000","21000"
"JSECAE104P20W","0","21000","21000"
"jsecae105p20w","0","19156","19156"
"JSECAE122P20Z","0","21004","21004"
"JSECAE119P20Z","0","21004","21004"
"JSECAE117P20B","0","19156","19156"
"JSECAE113P20B","0","21004","21004"
"JSECAE120P20Z","0","21004","21004"
"JSCNAE113P20W","0","21004","21004"
"JSECAE107P20A","0","21004","21004"
"JSECAE103P30W","0","27307","27307"
"JSRSBH003P20Z","0","40331","40331"
"JSRSBH004P20Z","0","40331","40331"
"JSRSBH002P20Z","0","40331","40331"
"JSRSBHA16P20C","0","40331","40331"
"JSRSBHA01P20Z","0","40328","40328"
"JSRSBH003P25Z","0","45373","45373"
"JSRSBHA13P25C","0","45373","45373"
"JSRSBHA19P25F","0","45370","45370"
"JSRSBH002P25Z","0","37811","37811"
"JSRSBHA01P25Z","0","0","0"
"JSRSBH004P25Z","0","45370","45370"
"JSRSBHA94P25F","0","45373","45373"
"JSRSBHA16P25C","0","37881","37881"
"PLAFBL006P15W","0","23105","23105"
"PLAFAL380P15W","0","23105","23105"
"PLAFBL005P15W","0","23105","23105"
"PLAFAH385P20A","0","22681","22681"
"PLAFAH380P15A","0","16807","16807"
"PLAFAH381P15A","0","16807","16807"
"PLAFAH410P15W","0","0","0"
"PLAFAH383P15A","0","16798","16798"
"PLAFAH413P15W","0","13442","13442"
"PLAFAH411P20W","0","0","0"
"PLAFAH413P20W","0","0","0"
"PLAFAH414P20W","0","0","0"
"PLAFAH411P25W","0","0","0"
"PLAFAH414P25W","0","0","0"
"PLCNAH151P15Z","0","0","0"
"PLAFBL006P20W","0","15123","15123"
"PLAFBL005P20W","0","27727","27727"
"PLAFAL380P20W","0","25206","25206"
"PLAFBL007P20W","0","27727","27727"
"PLAFBL006P25W","0","16384","16384"
"PLAFAL376P25W","0","16384","16384"
"PLAFBL005P25W","0","30038","30038"
"PLAFAL378P25W","0","0","0"
"PPCNBJA01P30Z","0","84025","84025"
"PLECAR119P15Z","0","0","0"
"PLECAR111P15Z","0","0","0"
"PLECAR120P15Z","19156","19156","19156"
"PLECAR123P25Z","0","0","0"
"PLECAR114P25B","0","0","0"
"PLECAR113P25B","29408","29408","29408"
"PLECAR120P25Z","0","0","0"
"PLECAR122P20Z","0","0","0"
"PLECAR113P20B","0","0","0"
"plafal371p25w","0","24990","24990"
"PLAFAH385P25A","0","25202","25202"
"PLCNAL352P20W","0","23526","23526"
"PPCNBJA01P20Z","0","58819","58819"
"PPCNBJA01P25Z","71424","71424","71424"
"CN-1304-BRO","0","23371","23371"
"CN-1304-FLOR","23371","23371","23371"
"CN-1304-HIPP","0","23371","23371"
"CN-1304-PUR","0","23371","23371"
"CN-1304-TUR","0","23371","23371"
"CN-1305-BRO","0","25496","25496"
"CN-1305-FLO","0","25496","25496"
"CN-1305-TUR","0","25496","25496"
"CN-1306-BRO","0","29746","29746"
"CN-1306-FLO","0","29746","29746"
"CN-1306-HIPP","0","29746","29746"
"CN-1306-PUR","0","29746","29746"
"CN-1306-RAY","0","58900","58900"
"CN-1306-TUR","0","29746","29746"
"PLECAR119P20Z","0","27303","27303"
"PLECAR121P20Z","0","27311","27311"
"QUAFBH006P20Z","0","8821","8821"
"QUAFBH006P25Z","0","10082","10082"
"QUAFBH007P25Z","0","10082","10082"
"QUAFAL003P20W","0","18479","18479"
"QUAFAL003P15W","0","14450","14450"
"CN-1933-AZ","0","13500","13500"
"CN-1933-RED","0","13500","13500"
"CN-1933-PIN","0","13500","13500"
"CN-1933-TUR","0","13500","13500"
"CN-1993-ESM","0","14871","14871"
"CN-1993-PUR","0","14871","14871"
"CN-1993-PIN","0","14871","14871"
"jsaflba65p15e","0","20583","20583"
"CN-1994-PUR","0","16996","16996"
"CN-1994-PIN","0","16996","16996"
"CN-1994-GRE","0","16996","16996"
"CN-1995-WHI","0","19121","19121"
"CN-1995-ESM","0","19121","19121"
"jsaflba72p25e","0","29406","29406"
"jsaflba35p25f","0","29406","29406"
"CN-1995-PIN","0","19121","19121"
"jsaflba65p25e","0","29406","29406"
"CN-2007-AMAR","0","26996","26996"
"CN-2007-WH","0","26996","26996"
"CN-2007-CEL","0","26996","26996"
"CN-2007-BK","0","26996","26996"
"CN-39","0","12746","12746"
"JSAFAB408P15Z","0","12601","12601"
"JSAFAB406P15Z","0","0","0"
"JSAFAB400P15X","0","12601","12601"
"JSAFAB397P15X","0","14702","14702"
"JSAFAB418P15W","0","14702","14702"
"JSAFAB381P15X","0","14702","14702"
"JSAFAB399P15X","0","12601","12601"
"JSAFAB411P15W","0","14702","14702"
"JSAFAB398P15X","0","12601","12601"
"JSAFAB394P15X","0","11761","11761"
"JSAFAB416P15W","0","13861","13861"
"JSAFAB401P15Z","0","12601","12601"
"JSAFAB407P15Z","0","12601","12601"
"jsafab415p15w","0","14702","14702"
"JSAFAB413P15W","0","13861","13861"
"CN-38-ESM","0","10621","10621"
"CN-38-FTUR","0","10621","10621"
"CN-38-GY","0","10621","10621"
"CN-38-BK","0","10621","10621"
"JSAFAB348P20W","0","15546","15546"
"JSAFAB408P20Z","0","14702","14702"
"JSAFAB350P20W","0","15546","15546"
"JSAFAB406P20Z","0","14702","14702"
"JSAFAB400P20X","0","15546","15546"
"JSAFAB397P20X","0","14702","14702"
"JSAFAB405P20Z","0","0","0"
"jsafab381p20x","0","14701","14701"
"JSAFAB399P20X","0","14701","14701"
"JSAFAB398P20X","0","13442","13442"
"JSAFAB404P20Z","0","14702","14702"
"JSAFAB394P20X","0","14701","14701"
"JSAFAB420P20W","0","16393","16393"
"CN-40-NRAY","0","19990","19990"
"JSAFAB382P20A","0","15546","15546"
"jsafab416p20w","0","13442","13442"
"jsafab410p20w","0","14701","14701"
"JSAFAB402P20Z","0","14702","14702"
"CN-40-RED","0","19990","19990"
"JSAFAB407P20Z","0","14706","14706"
"JSAFAB335P20V","0","15546","15546"
"CN-891-BLU","0","16996","16996"
"CN-891-GY","0","16996","16996"
"CN-891-BK","0","16996","16996"
"JSCNAE110P15W","0","16798","16798"
"JSECAE118P15Z","0","16807","16807"
"CN-1831-BIS","0","18549","18549"
"CN-1831-CAM","0","18549","18549"
"jsecae122p15z","0","16803","16803"
"JSECAE116P15B","0","16803","16803"
"JSECAE119P15Z","0","15123","15123"
"JSECAE021P15","0","16798","16798"
"JSECAE111P15A","0","15123","15123"
"CN-1831-SAN","0","18549","18549"
"JSECAE120P15Z","0","15122","15122"
"JSECAE109P15A","0","16798","16798"
"CN-1831-VIS","0","18549","18549"
"CN-1833","0","23727","23727"
"CN-1307-BLS","0","13995","13995"
"CN-1307-BRO","0","13995","13995"
"CN-1307-CRAY","13995","13995","13995"
"CN-1307-FCEL","0","13995","13995"
"CN-1307-HMO","0","13995","13995"
"CN-1307-NRAY","0","13995","13995"
"CN-1308-BRO","0","14995","14995"
"CN-1308-CRAY","0","14995","14995"
"CN-1308-FCEL","0","14995","14995"
"CN-1308-HMO","0","14995","14995"
"CN-1308-NRAY","0","14995","14995"
"CN-1310-BLS","0","0","0"
"CN-1310-BRO","0","19995","19995"
"CN-1310-CRAY","0","19995","19995"
"CN-1310-FCEL","0","19995","19995"
"CN-1310-HMO","0","19995","19995"
"CN-1310-NRAY","0","19995","19995"
"CN-1309-BLS","0","0","0"
"CN-1309-BR","0","18495","18495"
"CN-1309-CRAY","0","18495","18495"
"CN-1309-FCEL","0","18495","18495"
"CN-1309-HMO","0","18495","18495"
"CN-1309-NRAY","0","18495","18495"
"JSECAE101P20W","0","25201","25201"
"JSECAE100P20W","0","19156","19156"
"JSECAE024P20T","0","25201","25201"
"jsecae102p20w","0","19156","19156"
"JSECAE103P20W","0","21004","21004"
"JSECAE025P20U","0","19156","19156"
"JSECAE023P20T","0","25210","25210"
"JSECAE015P20R","0","25210","25210"
"JSECAE030P20V","0","25210","25210"
"JSECAE029P20V","0","25210","25210"
"JSECAE033P20V","0","19156","19156"
"JSECAE022P20T","0","25210","25210"
"JSECAE018P25S","0","27303","27303"
"JSECAE012P25R","0","27303","27303"
"JSECAE021P25T","0","27303","27303"
"JSECAE100P25W","0","27303","27303"
"JSECAE024P25T","0","27311","27311"
"JSECAE356P25Z","0","27303","27303"
"JSECAE355P25Z","0","27311","27311"
"CN-1996","0","31496","31496"
"sfcnbc001a57z","0","4197","4197"
"CN-173-WH","0","2696","2696"
"TOAFBIA48BANF","0","5034","5034"
"TOAFBIA77BANF","0","5034","5034"
"TOAFBIA35BANF","0","5034","5034"
"TOAFBIA29BANF","0","5034","5034"
"tocnbe005mana","2727","2727","2727"
"tocnbea01manb","2728","2728","2728"
"tocnbe003mana","0","2727","2727"
"tocnbea08mang","0","2728","2728"
"tocnbe004mana","2727","2727","2727"
"tocnbe006mana","2728","2728","2728"
"TOAFBIA48MANF","0","2513","2513"
"TOAFBIA77MANF","0","2513","2513"
"TOAFBIA35MANF","0","2513","2513"
"TOAFBIA29MANF","0","2513","2513"
"TPCNAO23600FA","0","9404","9404"
"TPCNAO23700FA","0","9404","9404"
"TPCNAO23400FA","0","9404","9404"
"TPCNAO24500FA","0","9404","9404"
"tpcnao30000fs","0","8399","8399"
"tpcnao29100fs","0","8399","8399"
"tpcnao29500fs","0","8399","8399"
"tpcnao29400fs","0","6719","6719"
"tpcnao29300fs","0","6719","6719"
"tpcnao31200fs","0","6719","6719"
"tpcnao29900fs","0","6719","6719"
"tpcnao30100fs","0","8399","8399"
"tpcnao29200fs","0","8399","8399"
"TOCNBEA05SBAG","0","8399","8399"
"TPCNAO28800FZ","0","8399","8399"
"TPCNAO27800FZ","0","8399","8399"
"TPCNAO28300FZ","0","8399","8399"
"TPCNAO27500FZ","0","8399","8399"
"TOCNBEA64SBAG","0","8399","8399"
"TOCNBEA36SBAG","0","8399","8399"
"TOCNBEA55SBAG","0","8399","8399"
"CN-765","0","7563","7563"
"tpcnbs01100fs","0","5711","5711"
"tpcnbs00900fs","0","5711","5711"
"tpcnbs00800fs","0","5711","5711"
"TPECAV02800NZ","0","14702","14702"
"TPECAV02900NZ","0","14702","14702"
"tpcnao33400ns","0","8400","8400"
"TPECAV02500NZ","0","14702","14702"
"tpcnao33300ns","0","8400","8400"
"tpcnao33500ns","0","8400","8400"
"tpcnao33600ns","0","8400","8400"
"FDRSAS010P25E","0","32344","32344"
"JSRSBHA19P30F","0","50412","50412"
"JSRSBHA94P30F","0","50412","50412"
"JSRSBHA16P30C","0","50420","50420"
"TOCNBE005BANA","0","5878","5878"
"tocnbea08bang","0","5878","5878"
"TOCNBE003BANA","0","5878","5878"
"tocnbea85bang","0","5878","5878"
"tocnbe006bana","0","5878","5878"
"tocnbea01banb","5878","5878","5878"
"tocnbe004bana","5878","5878","5878"
"CO-2064","0","11000","11000"
"2022053101-BKL","0","766","766"
"2022053101-BKM","0","766","766"
"2022053101-BKS","0","766","766"
"2022053101-BLM","0","766","766"
"2022053101-PIM","0","766","766"
"2022053101-PIS","766","766","766"
"2022053108-2XL","4598","4598","4598"
"2022053108-L","4598","4598","4598"
"2022053108-XL","4598","4598","4598"
"00001829","0","0","0"
"2020191314-SI","19933","19933","19933"
"KH-1991","0","1500","1500"
"KH-0001","0","1800","1800"
"KH-235","0","1800","1800"
"27102024-WH","0","0","0"
"27102024-WHGY","0","0","0"
"28102024-FLO","0","0","0"
"28102024-FLE","0","0","0"
"28102024-FLS","0","0","0"
"28102024-FLB","0","0","0"
"28102024-GMP","0","0","0"
"28102024-GTS","0","0","0"
"28102024-GRT","0","0","0"
"28102024-LNS","0","0","0"
"28102024-MJR","0","0","0"
"28102024-OJO","0","0","0"
"28102024-PTS","0","0","0"
"28102024-RYS","0","0","0"
"28102024-SLT","0","0","0"
"28102024-PRN","0","0","0"
"28102024-SOL","0","0","0"
"28102024-TZA","0","0","0"
"KH-1696","0","0","0"
"30102024-BLOC","0","0","0"
"30102024-CCTS","0","0","0"
"30102024-CIPA","0","0","0"
"30102024-FLRT","0","0","0"
"30102024-FOHO","0","0","0"
"30102024-FOGE","0","0","0"
"30102024-FORO","0","0","0"
"30102024-HOBE","0","0","0"
"30102024-HOMU","0","0","0"
"30102024-HORO","0","0","0"
"30102024-JUNG","0","0","0"
"30102024-LORO","0","0","0"
"30102024-MMIN","0","0","0"
"30102024-MAOJ","0","0","0"
"30102024-MAOK","0","0","0"
"30102024-MARO","0","0","0"
"30102024-MEMI","0","0","0"
"30102024-MZEN","0","0","0"
"30102024-PARO","0","0","0"
"30102024-RABK","0","0","0"
"30102024-SLVA","0","0","0"
"30102024-SLMU","0","0","0"
"30102024-SLBK","0","0","0"
"30102024-TEBL","0","0","0"
"30102024-VEAT","0","0","0"
"29102024-AYNL","0","0","0"
"29102024-BOCA","0","0","0"
"29102024-WHBK","0","0","0"
"29102024-DGMT","0","0","0"
"29102024-DPIN","0","0","0"
"29102024-DREA","0","0","0"
"29102024-GEOP","0","0","0"
"29102024-JADE","0","0","0"
"29102024-LUN","0","0","0"
"29102024-MABS","0","0","0"
"29102024-MPIN","0","0","0"
"29102024-MONT","0","0","0"
"29102024-OGLA","0","0","0"
"29102024-PRIS","0","0","0"
"29102024-PTTS","0","0","0"
"29102024-PIGL","0","0","0"
"76253857574768","0","0","0"
"35102024-ESTR","0","0","0"
"35102024-MECH","0","0","0"
"35102024-PASC","0","0","0"
"35102024-RENO","0","0","0"
"DK0052311001","1150","1150","1150"
"21916060503","0","10084","10084"
"21916060803","0","10084","10084"
"22117062102","0","9079","9079"
"22117060302","0","9079","9079"
"22117060202","0","9079","9079"
"21917060602","0","7563","7563"
"22117060303","0","11345","11345"
"22117061603","10504","10504","10504"
"21917060803","0","9244","9244"
"21917060804","0","13445","13445"
"20201032-BL","0","5449","5449"
"20201032-OR","0","5449","5449"
"20211012-BG","0","1854","1854"
"20211012-BK","0","1854","1854"
"20211012-BL","0","1854","1854"
"20211012-GY","0","1854","1854"
"20211012-PI","0","1854","1854"
"SG-8590","0","0","0"
"SG-8520","0","18901","18901"
"21902081737","0","6303","6303"
"PT-610-01-011","0","6000","6000"
"230820232","0","4200","4200"
"230820231","0","3200","3200"
"CT-2003","6150","6150","6150"
"CT-1461-FRU","0","3290","3290"
"CT-1461","0","3290","3290"
"CT-1461-PRI","0","3290","3290"
"CT-1990-PUR","0","25990","25990"
"CT-1990-NJ","0","0","0"
"CT-1462-FRU","0","3290","3290"
"CT-1462-PET","0","3290","3290"
"CT-1462-PRI","0","3290","3290"
"CT-2001-DRE","0","8400","8400"
"CT-2001-FLY","0","0","0"
"CT-2001-ILU","0","8400","8400"
"CT-2001-SMI","0","8400","8400"
"CT-2002-DRE","0","9600","9600"
"CT-2002-ILU","0","9600","9600"
"CT-2002-SMI","0","9600","9600"
"CT-1989","0","9650","9650"
"CT-1463","4990","4990","4990"
"20070601011","3500","3500","3500"
"20070602011","3940","3940","3940"
"20070603011","4500","4500","4500"
"20070604011","5300","5300","5300"
"250080901131","0","8300","8300"
"250080902131","9100","9100","9100"
"250080903131","11400","11400","11400"
"250080904131","13300","13300","13300"
"20201015-WH","0","3051","3051"
"SG-9003","0","14489","14489"
"SG-9130","0","0","0"
"SG-9004","0","0","0"
"SG-9004EX","0","25204","25204"
"2022053105-BK","0","6641","6641"
"2022053105-WH","0","6641","6641"
"22867-MAT","0","13933","13933"
"21918-MAT1","0","9085","9085"
"21918-MAT3","0","9085","9085"
"21918-MAT2","0","9085","9085"
"21918-MAT4","0","0","0"
"28630-MAT","0","12115","12115"
"28631-MAT","0","29085","29085"
"28595-MAT","0","9691","9691"
"DISPMANUAL","0","500","500"
"10101075-WH","0","1800","1800"
"MT-DISBASE","0","2000","2000"
"DK0052905001","0","1800","1800"
"DK0060107001","0","1750","1750"
"ALBROA13","0","18317","18317"
"ALBROA13-CAF","0","18317","18317"
"ALBROA13-VE","18317","18317","18317"
"ALBROA15-AZ","0","22978","22978"
"ALBROA15-CAF","0","22978","22978"
"ALBROA15-GR","0","22978","22978"
"ALBROA15-NEG","0","22978","22978"
"ALBROA15-ROJ","0","22978","22978"
"ALSHAF13-CAF","0","28524","28524"
"ALSHAF13-GR","0","28524","28524"
"ALSHAF13-ROJ","0","28524","28524"
"ALSHAF15-BEI","0","35744","35744"
"ALSHAF15-CAF","0","35744","35744"
"ALSHAF15-GRI","0","35744","35744"
"ALKA1400-AZ","0","20694","20694"
"ALKA1400-BE","20694","20694","20694"
"ALKA1400-ROJ","0","20694","20694"
"ALKA1400-TEC","0","20694","20694"
"ALKA1400-VE","0","20694","20694"
"ALKA1600-BL","0","24527","24527"
"ALKA1600-BG","0","24527","24527"
"ALKA1600-RE","0","24527","24527"
"ALKA1600-TER","0","24527","24527"
"ALKA1600-GR","0","24527","24527"
"ALSHA133","14900","14900","14900"
"ALSHA150","0","18500","18500"
"ALSHA170","0","23900","23900"
"BAKA0600-AZ","0","3402","3402"
"BAKA0600-BG","0","3402","3402"
"BAKA0600-RE","0","3402","3402"
"BAKA0600-TER","0","3402","3402"
"BAKA0600-GRE","0","3402","3402"
"DR-2018","0","11650","11650"
"DR-2017","0","10400","10400"
"BABROA50-AZU","0","3443","3443"
"BABROA50-CAF","0","3443","3443"
"BABROA50-GRI","0","3443","3443"
"BABROA50-LIL","0","2876","2876"
"BABROA50-NA","2876","2876","2876"
"BABROA50-NE","0","3443","3443"
"BABROA50-RO","2876","2876","2876"
"BABROA60-AZ","0","4591","4591"
"BABROA60-CA","0","4591","4591"
"BABROA60-GR","0","4591","4591"
"BABROA60-NE","0","4591","4591"
"BABROA60-RO","0","4591","4591"
"BABROA60-TER","0","4591","4591"
"DR-1408","0","3136","3136"
"DR-1315","0","3570","3570"
"DR-1278","0","4920","4920"
"BALAN000","4500","4500","4500"
"BALANTEXA","6432","6432","6432"
"BALANDALL","0","6970","6970"
"BATAIAM6P","0","15827","15827"
"BATAIN6P","0","23900","23900"
"BATAVNA7P","0","34128","34128"
"BATALTI6W-RO","0","23693","23693"
"BATALTI6W-SAL","0","24300","24300"
"BATALTI6W-TUR","0","24300","24300"
"BATALAL5P-VE","0","23496","23496"
"DR-408-CA","0","0","0"
"BATALTI7P","0","21900","21900"
"DR-407","0","39900","39900"
"CACAI26CU","0","12056","12056"
"CAZAI18NI-RE","0","8607","8607"
"COMAGATTU-AZ","0","7900","7900"
"COMAGATTU-CRU","0","7900","7900"
"COMAGATTU-GRI","0","7900","7900"
"COMAGATTU-MA","0","7900","7900"
"COMAGATTU-ROJ","0","7900","7900"
"COMAGATTU-VER","0","7900","7900"
"DR-1663-CL","0","0","0"
"COMISI8P","0","6900","6900"
"DR-1663-MD","0","6900","6900"
"DR-1663-MZ","0","0","0"
"DR-1663-RD","0","0","0"
"COMCAM8P-ARE","0","10900","10900"
"COMCAM8P-AZP","0","10900","10900"
"COMCAM8P-CAF","0","10900","10900"
"COMCAM8P-CRU","0","10900","10900"
"COMCAM8P-GRI","0","10900","10900"
"COMCAM8P-LIL","0","10900","10900"
"COMCAM8P-MOS","0","10900","10900"
"COMCAM8P-ROJ","10900","10900","10900"
"COMCAM8P","0","10900","10900"
"DR-2076","0","11900","11900"
"DR-2077","0","11900","11900"
"DR-2043","0","14890","14890"
"DR-2044","0","14150","14150"
"COMAGATHA-AZP","0","8500","8500"
"COMAGATHA-CAF","0","8500","8500"
"COMAGATHA-CR","0","10500","10500"
"COMAGATHA-GRI","0","8500","8500"
"COMAGATHA-LIL","0","8500","8500"
"COMAGATHA-MAI","0","8500","8500"
"COMGATHA-MOS","8500","8500","8500"
"COMAGATHA-ROJ","8500","8500","8500"
"COMAGATHA-TER","8500","8500","8500"
"COMAGATHA-VER","0","8500","8500"
"COMEMI8P-ARE","0","10900","10900"
"COMEMI8P-AZP","0","10900","10900"
"COMEMI8P-BEI","0","10900","10900"
"DR-1277-BR","0","13800","13800"
"COMEMI8P-CRU","0","10900","10900"
"COMEMI8P-GRI","0","10900","10900"
"DR-1277-RE","0","10900","10900"
"DR-487","0","0","0"
"COMTAB8P-BL","0","8500","8500"
"COMTAB8P-CAF","0","8500","8500"
"COMTAB8-CRU","0","8500","8500"
"COMTAB8P-GY","0","8500","8500"
"COMTAB8-MAI","0","8500","8500"
"COMTAB8P-MOR","0","8500","8500"
"COMTAB8P-MO","8500","8500","8500"
"COMTAB8P-RE","0","8500","8500"
"COMTAB8P-TER","8500","8500","8500"
"COMTAB8P-GR","0","8500","8500"
"DR-979","0","4400","4400"
"DR-69","0","6722","6722"
"DR-673","0","4990","4990"
"DR-776","0","8140","8140"
"DR-70","0","0","0"
"DR-886","0","0","0"
"DR-342","0","7690","7690"
"CUCOTDE20","0","22071","22071"
"CUCOTDE25","0","22991","22991"
"CUOUTDE20","0","22071","22071"
"CUOUTDE15-COR","17296","17296","17296"
"CUOUTDE20-AZU","0","21436","21436"
"CUOUTDE20-BEI","0","21436","21436"
"CUOUTDE20-COR","0","21436","21436"
"CUOUTDE20-NEG","0","21436","21436"
"CUOUTDE20-RSV","0","21436","21436"
"CUOUTDE20-VER","0","21436","21436"
"CUOUTDE25-AZU","0","22540","22540"
"CUOUTDE25-BEI","0","22540","22540"
"CUOUTDE25-NEG","0","22540","22540"
"CUOUTDE25-RSV","0","22540","22540"
"CUOUTDE25-VER","0","22540","22540"
"ESTHALROY","0","13413","13413"
"DR-152","0","10200","10200"
"DR-192","0","7990","7990"
"DR-78","0","1012","1012"
"DR-177-DBLU","0","4086","4086"
"DR-177-BUR","0","5193","5193"
"DR-177-DBRO","0","4086","4086"
"FRCLGE15-NE","0","4086","4086"
"DR-177-RE","0","4086","4086"
"DR-177-GR","0","4086","4086"
"DR-178-DBLU","0","4500","4500"
"DR-178-BUR","0","5193","5193"
"DR-178-BR","0","5194","5194"
"DR-178-RED","0","5193","5193"
"DR-178-GR","0","5193","5193"
"FRCLG150-AZ","3798","3798","3798"
"FRCLG150-BU","3798","3798","3798"
"FRCLG150-CA","3798","3798","3798"
"FRCLG150-RO","3798","3798","3798"
"FRCLG150-VE","3798","3798","3798"
"FRCLG200-AZ","0","4887","4887"
"FRCLG200-BU","4887","4887","4887"
"FRCLG200-CA","0","4887","4887"
"FRCLG200-RO","4887","4887","4887"
"FRCLG200-VE","0","4887","4887"
"FRCLGE25-BU","0","0","0"
"71719096849875","0","5508","5508"
"FRCLGE25-ROJ","0","5511","5511"
"FRCLGE25","0","5508","5508"
"FRCHIP20-BLA","0","5895","5895"
"FRCHIP20-GRI","0","5895","5895"
"FRCHIP20-ROS","0","5895","5895"
"DR-1496","0","6780","6780"
"DR-1497","0","7760","7760"
"FRCOPO25-BL","0","6300","6300"
"FRCOPO25-CAF","6300","6300","6300"
"FRCOPO25-ROS","0","6300","6300"
"DR-253-DAM","0","0","0"
"DR-253-PUR","0","9530","9530"
"DR-253-WGRE","0","0","0"
"DR-254-DAM","0","0","0"
"DR-254-WGRE","0","10940","10940"
"DR-844","0","0","0"
"FRPLUSH15","0","6840","6840"
"FRPLUSH20","0","8910","8910"
"FRPLUSH25","0","9882","9882"
"FRPOPR15-AMA","5147","5147","5147"
"FRPOPR15-BEI","0","5147","5147"
"FRPOPR15-CEL","0","5147","5147"
"FRPOPR15-FUC","0","5147","5147"
"FRPOPR15-MOR","5147","5147","5147"
"FRPOPR15-ROS","0","5147","5147"
"FRPOPR20-AMA","6243","6243","6243"
"FRPOPR20-BEI","0","6243","6243"
"FRPOPR20-GRI","0","6243","6243"
"FRPOPR20-ROJ","0","6243","6243"
"FRPOPR20-ROS","6243","6243","6243"
"FRPOPR25","0","9963","9963"
"CUEINDRE0-CAF","0","1683","1683"
"CUEINDRE0-GRI","0","1683","1683"
"CUEINDRE0-NEG","0","1683","1683"
"CUEINDRE0-ROJ","0","1683","1683"
"CUEIND00-CAF","0","1607","1607"
"CUEIND00","0","1683","1683"
"DR-1405-BK","1515","1515","1515"
"DR-1405-RED","0","1683","1683"
"SABCHIL15-AZU","0","8280","8280"
"SABCHIL15-GRI","0","8280","8280"
"SABCHIL15-MAR","0","8280","8280"
"SABCHIL15-MOR","0","8280","8280"
"SABCHIL15-ROJ","0","8280","8280"
"SABCHIL15-ROS","0","8280","8280"
"SABCHIL15-SAN","0","8280","8280"
"SABCHIL15-TUR","0","8280","8280"
"SABCHIL20-CEL","0","9891","9891"
"SABCHIL20-MAR","0","9891","9891"
"SABCHIL20-MOR","0","9891","9891"
"SABCHIL20-NAR","0","9891","9891"
"SABCHIL20-ROS","0","9891","9891"
"SABCHIL20-TUR","0","9891","9891"
"SABCHIL20-VME","0","9891","9891"
"SABCHIL25-MAR","0","11250","11250"
"SABCHIL25-NAT","11250","11250","11250"
"SABCHIL25-ROS","0","11250","11250"
"SABCHIL25-VME","0","11250","11250"
"COVFAI02","0","5382","5382"
"COV2PP00","4720","4720","4720"
"SETCUAU15","0","4613","4613"
"SAES20020","0","16056","16056"
"SABCHIE15","8280","8280","8280"
"SABCHIE20","9891","9891","9891"
"SABCHIE25","11250","11250","11250"
"SASMEPR15","0","9418","9418"
"COVDOPA2P","0","4986","4986"
"COVDOAR2P","0","5796","5796"
"SABPOIN15","0","7605","7605"
"SABPOL15-AIM","0","6840","6840"
"SABPOL15-BGR","0","6840","6840"
"SABPOL15-BMA","0","6840","6840"
"SABPOL15-BOL","0","6840","6840"
"SABPOL15-CCE","0","6840","6840"
"SABPOL15-FIN","6840","6840","6840"
"SABPOL15-FDL","6840","6840","6840"
"SABPOL15-GTE","0","6840","6840"
"SABPOL15-JME","0","6840","6840"
"SABPOL15","6840","6840","6840"
"SABPOL15-NBO","0","0","0"
"SABPOL15-OFL","0","6840","6840"
"SABPOL15-SCE","0","6840","6840"
"SABPOL20-BRE","0","7920","7920"
"SABPOL20-DDE","0","7920","7920"
"SABPOL20-FAZ","0","7920","7920"
"SABPOL20-FIN","0","7920","7920"
"SABPOL20","7920","7920","7920"
"SABPOL20-NFL","0","7920","7920"
"SABPOL20-ORA","0","7920","7920"
"SABPOL20-OCO","0","7920","7920"
"SABPOL20-PIM","7920","7920","7920"
"SABPOL20-PET","0","7920","7920"
"SABPOL20-PZI","0","7920","7920"
"SABPOL20-RMA","0","7920","7920"
"SABPOL20-TSU","0","7920","7920"
"SABPOLI15","0","7605","7605"
"SABPOLI20","0","8910","8910"
"SABPOLI25","0","9765","9765"
"TOOLIVI2P-BE","5460","5460","5460"
"TOOLIVI2P-MOR","5460","5460","5460"
"DR-1279","0","2280","2280"
"FRCHIP15-BLA","0","4860","4860"
"FRCHIP15-CAF","0","4860","4860"
"FRCHIP15-GRI","0","4860","4860"
"FRCHIP15-MA","0","4860","4860"
"FRCHIP15-NE","0","4860","4860"
"MANTCHIP0-ARE","0","2925","2925"
"MANTCHIP0-AZU","0","2925","2925"
"MANTCHIP0-CAF","0","2925","2925"
"MANTCHIP0-CELE","0","2925","2925"
"MANTCHIP0-GRI","0","2925","2925"
"MANTCHIP0-MOR","0","2925","2925"
"MANTCHIP0-ROS","0","2925","2925"
"MANTCHIP0-VER","0","2925","2925"
"DR-663","0","5390","5390"
"DR-59-COR","0","4250","4250"
"MAPOCO15","0","4445","4445"
"DR-460-OR","0","4250","4250"
"MAPOCO18","0","4451","4451"
"DR-132","0","5180","5180"
"DR-1667-GOLD","0","4200","4200"
"DR-1667-MOZ","0","4200","4200"
"DR-1667-OR","0","4200","4200"
"DR-1667-TUR","0","4200","4200"
"DR-1667-GRE","0","4200","4200"
"DR-2075-BEI","0","4900","4900"
"DR-2075-WH","0","4900","4900"
"DR-2075-CRU","0","4900","4900"
"DR-2074-BEI","0","4900","4900"
"DR-2074-WH","0","4900","4900"
"DR-2074-CRU","0","0","0"
"OLLAI24KA","0","15000","15000"
"OLLAI26KA","0","17500","17500"
"DR-977","0","16220","16220"
"DR-889","0","10950","10950"
"DR-405","15900","15900","15900"
"OLLALPR7L","0","11900","11900"
"OLLALPR9P","13900","13900","13900"
"PATERC6B5-AZ","0","10580","10580"
"PATERC6B5-CE","0","10580","10580"
"PATERC6B5-NJ","0","10580","10580"
"PATERC6B5","0","10580","10580"
"PAIACTI16","0","1610","1610"
"DR-1406-RED","0","3200","3200"
"DR-1406-TUR","0","3149","3149"
"PAIALTI18","0","3968","3968"
"PANALTI26","0","3500","3500"
"DR-201-TUR","0","4980","4980"
"DR-2041","4824","4824","4824"
"DR-2042","0","6065","6065"
"MAPASAI18","0","15631","15631"
"DR-457","0","2490","2490"
"PISOBCHEN-AZU","0","3637","3637"
"PISOBCHEN-AP","0","3637","3637"
"PISOBCHEN-BG","0","3637","3637"
"PISOBCHEN-CEL","0","3637","3637"
"PISOBCHEN-GY","0","3637","3637"
"DR-1712-PUR","0","3637","3637"
"PISOBCHEN-RED","0","3637","3637"
"DR-1712-PIN","0","3637","3637"
"PISOBCHEN-TC","0","3637","3637"
"PISOBCHEN-GRE","0","3637","3637"
"PISOMADRI","0","3000","3000"
"DR-2036-BLU","0","3170","3170"
"DR-2036-BG","0","3170","3170"
"DR-2036-PUR","0","3170","3170"
"DR-2036-PIN","0","3170","3170"
"DR-2036-GREE","0","3170","3170"
"PIDU-BL","0","1750","1750"
"PISODUEESO-WH","0","1750","1750"
"PIDU-PU","0","1750","1750"
"PIDU-PI","0","1750","1750"
"PIDU-TU","0","1750","1750"
"PIDU-VE","0","1750","1750"
"DR-1280","0","2507","2507"
"PLESTDE15","14985","14985","14985"
"PLESTDE30","0","21150","21150"
"PLESTDE20-AZU","0","17910","17910"
"PLESTDE20-CEL","0","17910","17910"
"PLESTDE20-LIL","0","17910","17910"
"PLESTDE20-MAR","0","17910","17910"
"PLESTDE20-TER","0","17910","17910"
"PLESTDE25-AZU","0","19440","19440"
"PLESTDE25-GRI","0","19440","19440"
"PLESTDE25-LIL","0","19440","19440"
"PLESTDE25-ROS","19440","19440","19440"
"PLESTDE25-TER","0","19440","19440"
"PLESTDE25-TUR","19440","19440","19440"
"PLOUTDE15","14985","14985","14985"
"PLOUTDE20","17910","17910","17910"
"PLOUTDE25","0","20340","20340"
"PLOUTDE30","0","21150","21150"
"PLSHESF15","0","14904","14904"
"PLSHESF25","0","19053","19053"
"DR-505-BG","0","13900","13900"
"DR-505-WH","0","13900","13900"
"DR-505-GY","0","13900","13900"
"DR-506-BG","0","15900","15900"
"DR-506-WH","0","15900","15900"
"DR-506-TUR","0","15900","15900"
"DR-507-WH","0","16900","16900"
"DR-507-PIN","0","16900","16900"
"DR-507-TUR","0","16900","16900"
"DR-145","0","11555","11555"
"DR-42","0","15630","15630"
"DR-147","0","5589","5589"
"DR-148","0","8700","8700"
"DR-47","0","14500","14500"
"DR-49","0","17500","17500"
"DR-48","0","18800","18800"
"DR-637-CEL","0","23310","23310"
"DR-637-FCOL","0","23310","23310"
"DR-637-GY","0","23310","23310"
"DR-638-CEL","0","26980","26980"
"DR-638-FCOL","0","26980","26980"
"DR-638-GY","0","26980","26980"
"DR-638-PUR","0","26980","26980"
"DR-661-CEL","0","28980","28980"
"DR-661-FCOL","0","28980","28980"
"DR-661-GY","0","28980","28980"
"DR-661-PUR","0","28980","28980"
"DR-229-GY","0","17360","17360"
"DR-229-RED","0","17360","17360"
"DR-229-GREE","0","17360","17360"
"DR-77-PUR","0","19870","19870"
"DR-437-CAL","0","21070","21070"
"DR-437-GY","0","21070","21070"
"DR-437-PUR","0","21070","21070"
"DR-437-RED","0","21070","21070"
"DR-553","0","6750","6750"
"DR-553-2P","0","8055","8055"
"DR-647-BR","0","10750","10750"
"DR-647-CRE","0","10750","10750"
"SABPOLI15-BL","0","6750","6750"
"SABPOLI15-GY","0","6750","6750"
"SABPOLI15-IVO","0","6750","6750"
"SABPOLI15-PI","0","6750","6750"
"SABPOLI15-TU","0","6750","6750"
"SARALTI22","0","3000","3000"
"SARALTD22","0","2990","2990"
"DR-400-RED","0","4347","4347"
"DR-401-CAL","0","5250","5250"
"DR-401-COB","0","5250","5250"
"DR-401-RED","0","3800","3800"
"DR-402","0","5910","5910"
"DR-2037-WH","0","7700","7700"
"DR-2037-RED","0","7700","7700"
"DR-2037-GREE","0","7700","7700"
"DR-128","0","5800","5800"
"FUBRO750","0","4590","4590"
"DR-127","0","5300","5300"
"FUE3SEV18","0","3901","3901"
"FUE3SEV29","0","6918","6918"
"DR-131-BL","2008","2008","2008"
"DR-131-GY","0","2008","2008"
"DR-131-RE","0","2008","2008"
"DR-131-GR","0","2008","2008"
"SETPMI3P-AMA","0","1522","1522"
"DR-557-BL","0","1522","1522"
"SETPMI3P-MOR","0","1522","1522"
"DR-557-RE","0","1522","1522"
"DR-557-PI","0","1522","1522"
"DR-557-GR","0","1522","1522"
"SETPMI3P","0","1517","1517"
"SETPMI3P1","1353","1353","1353"
"SETPCO3P","0","0","0"
"S6VGJA255","0","1481","1481"
"S6VGBO284","0","1862","1862"
"S6VGJA300","2158","2158","2158"
"S6VGCL310","1566","1566","1566"
"S6VGCL330","1684","1684","1684"
"S6VFBO383","1989","1989","1989"
"COBAFRES-CIGR","0","4290","4290"
"COBAFRES-CGRI","0","5989","5989"
"COBAFRES-CTUR","0","5989","5989"
"COBAFRES-CVE","0","4290","4290"
"COBAFRES-FL","0","4290","4290"
"COBAFRES-FLOV","0","4290","4290"
"COBAFRES-HOJ","0","5130","5130"
"COBAFRES-LRO","0","4290","4290"
"COBAFRES-MAN","0","5989","5989"
"COBAFRES-MAAZ","0","4290","4290"
"COBAFRES-MARE","0","9990","9990"
"COBAFRES-MAGR","0","5989","5989"
"COBAFRES-TRI","0","5989","5989"
"COBAFRES","0","6075","6075"
"COBAFES0","0","3000","3000"
"COBA1200-CIR","0","2962","2962"
"COBA1200","0","2962","2962"
"COBA1200-HEX","0","2962","2962"
"COBA1200-LIV","0","2962","2962"
"COBA1200-MA","0","2962","2962"
"COBA1200-PIVE","0","2962","2962"
"COBA1200-ROMV","0","2962","2962"
"COBA1200-TRIB","0","2962","2962"
"DR-2063-BL","0","7659","7659"
"DR-2063-WH","0","7659","7659"
"DR-2063-CRE","0","7659","7659"
"DR-2063-GY","0","7659","7659"
"SETBASID-NAR","0","7659","7659"
"DR-2063-TU","0","7659","7659"
"SETBAGIN-AZ","0","5190","5190"
"SETBAGIN-SBL","0","5190","5190"
"SETBAGIN-CO","5355","5355","5355"
"SETBAGIN-GRHOJ","0","5850","5850"
"SETBAGIN-GRLIN","0","5190","5190"
"SETBAGIN-GRRAM","0","5190","5190"
"SETBAGIN-RAV","0","5190","5190"
"SETBAGIN-GR","0","5850","5850"
"SETBAM15","0","6900","6900"
"DR-53","0","13450","13450"
"SETBA17ES","0","7500","7500"
"DR-1928","0","12579","12579"
"DR-489","0","14870","14870"
"DR-541","0","5970","5970"
"BATAIMA6P","0","16900","16900"
"BATAIMA8P","0","24225","24225"
"SCOFCOOK","0","5900","5900"
"COBABOR00","0","6930","6930"
"COBABOR00-GOT","0","5850","5850"
"COBABOR00-GOCE","0","5850","5850"
"COBABOR00-HOJ","0","5850","5850"
"COBABOR00-LIRO","0","5850","5850"
"COBABOR00-REC","0","5850","5850"
"COBABOR00-RO","0","5850","5850"
"COBABOR00-TRBL","0","5850","5850"
"COBLAVI2P-AZPI","0","9855","9855"
"COBLAVI2P-BEI","0","9855","9855"
"COBLAVI2P-GY","0","9855","9855"
"COBLAVI2P-MOS","0","9855","9855"
"COBLAVI2P-RED","0","9855","9855"
"SETBAGIN","4900","4900","4900"
"SETBASID","4900","4900","4900"
"SETBA18EM","0","14679","14679"
"DR-664","0","8050","8050"
"SETPABR12","0","4224","4224"
"SETTOSM2P-AZ","6992","6992","6992"
"SETTOSM2P-GR","6992","6992","6992"
"SETTOSM2P-ROS","6992","6992","6992"
"SETPABR7","0","6872","6872"
"DR-140","0","1130","1130"
"SETCOGTON-AZU","0","2412","2412"
"SETCOGTON-CAF","0","2412","2412"
"SETCOGTON-RED","0","2412","2412"
"SETCOGTON-VE","0","2412","2412"
"SETPABR3","0","5220","5220"
"SETPABR5","0","7594","7594"
"DR-234-BL","0","4490","4490"
"DR-234-BR","0","4490","4490"
"DR-234-RE","0","4490","4490"
"DR-234-PIN","0","5602","5602"
"DR-234-GR","0","4490","4490"
"VAPORCE12","0","6177","6177"
"DR-568","0","8940","8940"
"DR-662","0","23990","23990"
"VAPORCE30-AND","21811","21811","21811"
"VAPORCE30-FL","21811","21811","21811"
"VAPORCE30-LA","0","21811","21811"
"VAPORCE30-MAR","0","21818","21818"
"SOBCOSH15","0","12064","12064"
"SOBCOSH20","0","9674","9674"
"SOBCOSH25","0","15837","15837"
"TENRODPRO","0","15136","15136"
"TERVENVER","0","8267","8267"
"TETAI40IR","0","11418","11418"
"TETAI3ATC-MOR","0","8926","8926"
"TETAI3ATC","0","7700","7700"
"TETAI3ATC-SAL","0","8926","8926"
"TETAI30IR","0","6500","6500"
"TETAI25AT","0","3500","3500"
"DR-486-COB","0","2979","2979"
"DR-486-PLA","0","3474","3474"
"DR-486-RED","0","3551","3551"
"DR-486-GREE","0","2979","2979"
"TETE8DIAC","0","2563","2563"
"TETE8DICO","0","2841","2841"
"TETAI30MA","0","6960","6960"
"DR-773","0","3180","3180"
"SARTIPACK","0","7900","7900"
"SARTIPACK-TUR","0","7900","7900"
"VAPOR12AD","6498","6498","6498"
"VAPOR12AM","6498","6498","6498"
"VAPOR12EV","6498","6498","6498"
"VAPOR12SO","6498","6498","6498"
"VAPOR20AG","14220","14220","14220"
"VAPOR20LU","14220","14220","14220"
"VAPORCE20","0","16130","16130"
"DR-630","0","0","0"
"DR-66","0","8440","8440"
"DR-232","0","5382","5382"
"DR-61","0","4719","4719"
"DR-64","0","7246","7246"
"DR-978","0","7110","7110"
"DR-403-RE","0","8494","8494"
"DR-403-TU","0","12150","12150"
"2020191305-BK","0","40663","40663"
"2020191307-BK","0","3905","3905"
"38102024-RE","0","2494","2494"
"38102024-GR","0","2494","2494"
"20202817-BL","0","13984","13984"
"KS-54-CER","0","1160","1160"
"KS-54-CHO","0","832","832"
"KS-54-COC","0","832","832"
"KS-54-LIM","0","832","832"
"KS-54-MAN","0","832","832"
"KS-54-MVA","0","832","832"
"KS-54-VAI","0","832","832"
"FRU7002013","0","832","832"
"2019032000016","1000","1000","1000"
"2019032000030","2000","2000","2000"
"66845499853333","2941","2941","2941"
"20200117-AZ","0","590","590"
"111111111111-1","0","10000","10000"
"TH-1215","0","16798","16798"
"TH-2540I","0","25540","25540"
"TH-2660i","0","38313","38313"
"FA-312-BLA","0","13596","13596"
"FA-1959","0","9051","9051"
"FA-1960-RED","0","16352","16352"
"FA-1792-CRI","0","13608","13608"
"FA-1793-CRIS","16634","16634","16634"
"FA-1951-AL","0","8660","8660"
"FA-317-PUR","0","10485","10485"
"FA-317-GRE","0","10485","10485"
"FA-330-BLU","0","4724","4724"
"FA-330-GRE","0","4724","4724"
"FA-1963-RED","0","23041","23041"
"FA-1964-ALU","0","22974","22974"
"FA-1949","0","43078","43078"
"FA-316-PUR","0","6595","6595"
"FA-316-GREE","0","0","0"
"823712","0","21642","21642"
"823711","0","18775","18775"
"FA-1972-BK","0","4447","4447"
"FA-1969","0","4091","4091"
"FA-1971-BK","0","5029","5029"
"FA-1970-BLU","0","4592","4592"
"FA-1970-GRE","0","4592","4592"
"FA-1789-BLU","0","12800","12800"
"FA-310","0","3500","3500"
"FA-1966-RED","0","10356","10356"
"FA-1967-RED","0","11311","11311"
"KH-677","0","0","0"
"KH-678","0","0","0"
"KH-753","0","0","0"
"KH-748","0","0","0"
"KH-680","0","0","0"
"KH-676","0","0","0"
"KH-751","0","0","0"
"KH-750","0","0","0"
"KH-749","0","0","0"
"KH-679","0","0","0"
"KH-752","0","3100","3100"
"KH-686","0","0","0"
"KH-710","0","0","0"
"060030102001","4380","4380","4380"
"KH-745","0","0","0"
"060030102005","3854","3854","3854"
"KH-687","3200","3200","3200"
"KH-688","0","0","0"
"KH-683","4380","4380","4380"
"KH-1922","4380","4380","4380"
"060030102007","3854","3854","3854"
"KH-744","0","0","0"
"KH-697","0","0","0"
"KH-708","0","3700","3700"
"060030103001","4930","4930","4930"
"060030103004","4930","4930","4930"
"00030103002","4930","4930","4930"
"KH-1853","4930","4930","4930"
"KH-1921","0","0","0"
"KH-742","0","0","0"
"KH-824","0","0","0"
"KH-699","5640","5640","5640"
"KH-702","0","0","0"
"KH-703","0","0","0"
"060030104004","5640","5640","5640"
"KH-700","5640","5640","5640"
"KH-706","0","0","0"
"KH-134","0","0","0"
"KH-705","0","0","0"
"FB-1443","0","0","0"
"FB-1444","0","0","0"
"FB-1441","0","0","0"
"FB-EX4355","0","9800","9800"
"FB-1293","0","7970","7970"
"FB-1442","0","1","1"
"29022024","0","7500","7500"
"70921707173673","0","7212","7212"
"FB-1440","0","16489","16489"
"FB-1781","0","1000","1000"
"FB-1446","0","1","1"
"KH-001","1990","1990","1990"
"00001288","7000","7000","7000"
"19497-MAT","0","16964","16964"
"20201030-WH","0","879","879"
"22937-MAT","0","18176","18176"
"22871-MAT","0","16964","16964"
"FS-60W","0","23720","23720"
"PIVN510773_CG","0","0","0"
"PIVN510774_CG","0","0","0"
"74170841868552","5033","5033","5033"
"TH-AF60Mi","0","70246","70246"
"TH-AF70Di","0","63859","63859"
"F27102024-WH","0","4738","4738"
"F27102024-WHGY","0","4738","4738"
"F28102024-FLO","0","1176","1176"
"F28102024-FLE","0","1176","1176"
"F28102024-FLS","0","1176","1176"
"F28102024-FLB","0","1176","1176"
"F28102024-GMP","0","1176","1176"
"F28102024-GTS","0","1176","1176"
"F28102024-GRT","0","1176","1176"
"F28102024-LNS","0","1176","1176"
"F28102024-MJR","0","1176","1176"
"F28102024-OJO","0","1176","1176"
"F28102024-PTS","0","1176","1176"
"F28102024-RYS","0","1176","1176"
"F28102024-SLT","0","1176","1176"
"F28102024-PRN","0","1176","1176"
"F28102024-SOL","0","1176","1176"
"F28102024-TZA","0","1176","1176"
"F30102024-BLOC","0","1128","1128"
"F30102024-CCTS","0","1128","1128"
"F30102024-CIPA","0","1128","1128"
"F30102024-FLRT","0","1128","1128"
"F30102024-FORO","0","1128","1128"
"F30102024-FOHO","0","1128","1128"
"F30102024-FOGE","0","1128","1128"
"F30102024-HOBE","0","1128","1128"
"F30102024-HOMU","0","1128","1128"
"F30102024-HORO","0","1128","1128"
"F30102024-JUNG","0","1128","1128"
"F30102024-LORO","0","1128","1128"
"F30102024-MMIN","0","1128","1128"
"F30102024-MAOJ","0","1128","1128"
"F30102024-MAOK","0","1128","1128"
"F30102024-MARO","0","1128","1128"
"F30102024-MEMI","0","1128","1128"
"F30102024-MZEN","0","1128","1128"
"F30102024-PARO","0","1128","1128"
"F30102024-RABK","0","1128","1128"
"F30102024-SLVA","0","1128","1128"
"F30102024-SLMU","0","1128","1128"
"F30102024-SLBK","0","1128","1128"
"F30102024-TEBL","0","1128","1128"
"F30102024-VEAT","0","1128","1128"
"F29102024-AYNL","0","1069","1069"
"F29102024-BOCA","0","1069","1069"
"F29102024-WHBK","0","1069","1069"
"F29102024-DGMT","0","1069","1069"
"F29102024-DPIN","0","1069","1069"
"F29102024-DREA","0","1069","1069"
"F29102024-GEOP","0","1069","1069"
"F29102024-JADE","0","1069","1069"
"F29102024-LUN","0","1069","1069"
"F29102024-MABS","0","1069","1069"
"F29102024-MPIN","0","1069","1069"
"F29102024-MONT","0","1069","1069"
"F29102024-OGLA","0","1069","1069"
"F29102024-PRIS","0","1069","1069"
"F29102024-PTTS","0","1069","1069"
"F29102024-PIGL","0","1069","1069"
"F34102024","0","1069","1069"
"F35102024-ESTR","0","1069","1069"
"F35102024-MECH","0","1069","1069"
"F35102024-PASC","0","1069","1069"
"F35102024-RENO","0","1069","1069"
"2020191321-BK","0","5148","5148"
"2020191321-BL","0","6997","6997"
"2020191321-GR","0","5148","5148"
"2020191321-LB","0","6997","6997"
"2020191321-PU","0","5148","5148"
"2020191312-BW","0","1611","1611"
"76537360756536","990","990","990"
"00001825","0","22178","22178"
"1817","0","12094","12094"
"0001821","0","20161","20161"
"00001725","0","8773","8773"
"6769-MAT","0","3294","3294"
"21949-MAT","0","2094","2094"
"12092022","16806","16806","16806"
"71527365467953","0","25000","25000"
"71527366501175","25000","25000","25000"
"71527367419196","25000","25000","25000"
"1601241655229","0","1887","1887"
"20202819-AZ","0","5149","5149"
"20202819-RE","0","5149","5149"
"TH-6505RT","0","23624","23624"
"TH-4205","0","5742","5742"
"TH-4350","0","0","0"
"TH-4340N","0","10851","10851"
"TH-4800","0","15960","15960"
"TH-5525C","0","36990","36990"
"TH-6250B","22347","22347","22347"
"2020191315-SI","8868","8868","8868"
"TH-26R","0","45875","45875"
"TH-25N01","0","35287","35287"
"TH-62i","0","0","0"
"TH-16N01","0","28228","28228"
"TH-48N","63522","63522","63522"
"22863-MAT","0","16958","16958"
"21981-MAT","0","18176","18176"
"20238-MAT","0","15145","15145"
"19122-MAT","0","10903","10903"
"20200908-DBR","0","14661","14661"
"20200908-LBR","0","14661","14661"
"20191275-BK","0","6463","6463"
"20191275-BL","0","0","0"
"20191275-WH","0","6463","6463"
"20200103-VE","0","3480","3480"
"ID-1453","0","30015","30015"
"ID-1510","0","39675","39675"
"ID-1454","0","36625","36625"
"ID-1797","23315","23315","23315"
"ASHMAG15020DG","0","15000","15000"
"ASHMAG15020GR","0","15000","15000"
"ASND2150200TQ","0","15000","15000"
"ASND2150200GR","0","15000","15000"
"ASND3150200RJ","0","15000","15000"
"ASND2150200CM","0","15000","15000"
"ASND2150200RJ","0","15000","15000"
"ID-284","0","4328","4328"
"ID-282","0","4328","4328"
"ID-1452","0","4033","4033"
"APBI067X30ROJ","0","4328","4328"
"ID-468","0","7990","7990"
"ID-1981","0","9900","9900"
"ID-1982","0","11900","11900"
"ID-1983","0","12900","12900"
"TXSBPL22AL15P","0","6500","6500"
"TXSBPL22AM15P","0","6500","6500"
"TXSBPL22CA15P","0","6500","6500"
"TXSBPL22HE15P","0","6500","6500"
"TXSBPL22HO15P","0","6500","6500"
"TXSBPL22AM20P","0","7750","7750"
"TXSBPL22CA20P","0","7750","7750"
"MJESV JPCAN30P","0","22000","22000"
"MJESVJPCFL30P","0","22000","22000"
"MJESVJPCNI30P","0","22000","22000"
"ID-1855","0","0","0"
"4222KW","170","170","170"
"AZ-P","0","7066","7066"
"BL-P","0","7066","7066"
"2022033019-GR","0","905","905"
"KH-50020101006","8350","8350","8350"
"KH-50020101001","0","9450","9450"
"KH-50020101005","7348","7348","7348"
"KH-50020101004","0","9500","9500"
"KH-50020101002","8350","8350","8350"
"KH-50020101134","8350","8350","8350"
"KH-50020101007","7348","7348","7348"
"KH-50020101003","7348","7348","7348"
"KH-50020102006","0","8950","8950"
"KH-50020102001","8950","8950","8950"
"KH-50020102005","0","10250","10250"
"KH-50020102004","0","10250","10250"
"KH-50020102002","0","9200","9200"
"KH-50020102012","0","8950","8950"
"KH-50020102007","0","7876","7876"
"KH-50020102003","7876","7876","7876"
"KH-50020103006","11695","11695","11695"
"KH-50020103001","0","13720","13720"
"KH-50020103005","10270","10270","10270"
"KH-50020103004","0","13500","13500"
"KH-50020103002","0","12100","12100"
"KH-50020103012","0","13500","13500"
"KH-50020103007","10270","10270","10270"
"KH-50020103003","10270","10270","10270"
"KH-50020104006","13290","13290","13290"
"KH-50020104001","13290","13290","13290"
"KH-50020104005","0","15400","15400"
"KH-50020104004","13290","13290","13290"
"KH-50020104002","13290","13290","13290"
"70497871116242","0","15400","15400"
"KH-50020104007","0","15400","15400"
"KH-50020104003","11695","11695","11695"
"22102250492","0","8403","8403"
"22102250892","0","8403","8403"
"22102251692","0","8403","8403"
"KH-0010","0","0","0"
"22102252192","0","8403","8403"
"KH-010056647072","2300","2300","2300"
"980040107090","8500","8500","8500"
"KH-0012","0","2480","2480"
"DK0047123011","2950","2950","2950"
"010042808011","0","1890","1890"
"KH-0013","0","0","0"
"DK1224007004","0","2900","2900"
"DK0090103153","7050","7050","7050"
"DK0030103013","9400","9400","9400"
"DK1180101011","0","5100","5100"
"DK1180102011","5500","5500","5500"
"DK0080903131","0","5950","5950"
"0212406021","0","4950","4950"
"0212406031","6580","6580","6580"
"DK1250102001","9196","9196","9196"
"DK1250101001","0","8455","8455"
"DK1250103001","0","11495","11495"
"DK1250104001","0","13405","13405"
"DK1230102001","0","6792","6792"
"DK1230101001","0","6355","6355"
"DK1230103001","0","8312","8312"
"DK1230104001","0","9975","9975"
"DK12601030006","9900","9900","9900"
"DK1260103004","9900","9900","9900"
"DK1260103134","9900","9900","9900"
"76659146111784","0","8000","8000"
"030347402212","3700","3700","3700"
"030347402211","0","3700","3700"
"030347402213","3700","3700","3700"
"030347402214","3700","3700","3700"
"030347503212","0","4700","4700"
"030347503213","4700","4700","4700"
"030347503214","4700","4700","4700"
"KH0320302006","4590","4590","4590"
"KH0320302004","4590","4590","4590"
"KH0320302134","4590","4590","4590"
"KH0320302133","4590","4590","4590"
"KH0320302210","4590","4590","4590"
"KH0320302033","4590","4590","4590"
"KH03203030006","5860","5860","5860"
"KH0320303004","5860","5860","5860"
"KH0320303134","0","5860","5860"
"KH0320303133","0","5860","5860"
"KH0320303210","5860","5860","5860"
"KH0320303033","5860","5860","5860"
"KH0320304006","0","6580","6580"
"KH0320304004","6580","6580","6580"
"KH0320304134","6580","6580","6580"
"KH0320304133","6580","6580","6580"
"KH0320304033","6580","6580","6580"
"DK0144007011","0","4200","4200"
"KH-0026-WH","5600","5600","5600"
"KH-1330","0","14000","14000"
"240010603013-AZ","14000","14000","14000"
"KH-1330-AV","0","14000","14000"
"240010603013-CEL","14000","14000","14000"
"KH-1330-FA","0","14000","14000"
"KH-1330-FV","0","14000","14000"
"240010603013-GR","0","14000","14000"
"KH-1330-HG","0","14000","14000"
"KH-1330-MN","0","14000","14000"
"KH-1330-MC","0","14000","14000"
"240010603013-NAR","14000","14000","14000"
"240010603013-NL","0","14000","14000"
"KH-1330-PA","0","14000","14000"
"KH-1330-RD","0","14000","14000"
"75865161065716","0","4500","4500"
"010020802013","11450","11450","11450"
"KH-010020803013","0","13950","13950"
"DK0630802013","0","7452","7452"
"DK0010804153","8000","8000","8000"
"77626785054069","14900","14900","14900"
"77626759530860","17900","17900","17900"
"DK0110103013-AZ","17900","17900","17900"
"DK0110103013-CE","0","17900","17900"
"DK0110103013-GR","0","17900","17900"
"DK0110103013-NA","17900","17900","17900"
"DK0110103013-NE","17900","17900","17900"
"DK0110103013-RO","0","17900","17900"
"7082","0","2040","2040"
"BF248PA","0","34200","34200"
"BF248PR","0","34200","34200"
"KW-AL0908B","0","49000","49000"
"BGEU-5545","20500","20500","20500"
"KWBERRIES","0","49150","49150"
"FCH-1007","0","47000","47000"
"FAG-1007","0","47000","47000"
"KWBR5-FR","0","24580","24580"
"KWBR5-SK","0","21850","21850"
"CHELSEA-MC","0","47000","47000"
"B1303A50AM","4910","4910","4910"
"SG-6206","0","5800","5800"
"BG-31720CP","0","5850","5850"
"SG-3509","0","8800","8800"
"BG38313GYK","0","6000","6000"
"BG38245GYK","0","10160","10160"
"BG38244GYK","8310","8310","8310"
"BGIC-1603","0","6000","6000"
"IQ1050RC","0","2000","2000"
"IQ370RC","0","1320","1320"
"IQ301SQ","0","6250","6250"
"IQ301RC","0","7290","7290"
"IQ640RC","2560","2560","2560"
"7513","0","2400","2400"
"BG-4066-KW","0","580","580"
"BG-39181WH","0","1750","1750"
"1700843","0","8840","8840"
"1793220","2726","2726","2726"
"1793221","3272","3272","3272"
"BG8520MBGK","0","7790","7790"
"SG-6113-KW","0","10900","10900"
"9550134","0","2790","2790"
"9569715","3910","3910","3910"
"4220KW","170","170","170"
"4221kw","170","170","170"
"1700887","0","3220","3220"
"1702251","0","3840","3840"
"1718397","0","4890","4890"
"553604","0","6600","6600"
"550986","0","5800","5800"
"CM-290SD","0","7600","7600"
"OD-MINI14","0","1750","1750"
"827287","4990","4990","4990"
"BG-37045GY","0","2940","2940"
"SE-067","0","2010","2010"
"DF2001-TL6","0","3020","3020"
"DF1547-OB","0","4800","4800"
"DF1547-MB","0","4800","4800"
"DF1547-RG","0","3830","3830"
"BF1624B-B","0","13960","13960"
"BF1624B-R","0","13960","13960"
"BF1224B-CH","0","14160","14160"
"BF1224B-MI","0","14160","14160"
"1221264","0","3250","3250"
"1794709","0","810","810"
"1801192","0","1460","1460"
"KWG-03-S","0","1550","1550"
"JY520SQ","0","990","990"
"JY800SQ","0","1250","1250"
"JY640RC","1360","1360","1360"
"RB-3202","0","6600","6600"
"UK-9401","0","580","580"
"UK-9402","0","580","580"
"BF2418BRS","0","2340","2340"
"BGEU-4288","5300","5300","5300"
"SG-6371","0","3480","3480"
"SG-6202","0","2900","2900"
"FRYBR24SK","6280","6280","6280"
"FRYSH28MI","8460","8460","8460"
"BF2420B-R","0","4930","4930"
"BF2424B-B","0","6520","6520"
"CER-2220BE","0","5290","5290"
"CER-2220RD","0","6080","6080"
"CER-2224BE","0","7550","7550"
"CER-2224RD","0","7550","7550"
"CER-2228BE","0","9050","9050"
"CER-2228RD","9050","9050","9050"
"SG-6920","0","5800","5800"
"SG-6921","0","5750","5750"
"BF2428B-CH","0","5880","5880"
"BS-701","0","1580","1580"
"BS-706","0","2110","2110"
"014SR-1AB","0","8820","8820"
"BA-9892","0","2580","2580"
"BA-9890","0","2290","2290"
"831238","0","7000","7000"
"BG-39170MM","0","2900","2900"
"1717746","0","2180","2180"
"017SR-1AB","0","1470","1470"
"1719993","0","5490","5490"
"825039","0","5250","5250"
"825022","6300","6300","6300"
"825008","0","6300","6300"
"1720024","0","3290","3290"
"1721268","0","3560","3560"
"BG-39263GR","0","4060","4060"
"3915-SET","0","5390","5390"
"76719530527072","6300","6300","6300"
"3011SET","0","5890","5890"
"GB2112SET","3440","3440","3440"
"GB208SET","2340","2340","2340"
"2393IN","0","4890","4890"
"1720432","0","3310","3310"
"1720434","0","5490","5490"
"1720662","0","3750","3750"
"1661-SET","0","4890","4890"
"1795425","3249","3249","3249"
"RB-2598-RD","2320","2320","2320"
"1713633","0","6990","6990"
"1721246","0","2510","2510"
"SM144","0","5640","5640"
"BG39862CP","0","5850","5850"
"BYS018008","0","15870","15870"
"1720032","0","7690","7690"
"1721247","0","2730","2730"
"BF52218B-AZU","0","9390","9390"
"BF52218B-RED","0","9390","9390"
"BF52218B-ROS","0","9390","9390"
"BF52218B-VE","0","9390","9390"
"3779IN","0","7500","7500"
"80317","0","5460","5460"
"CLN-15S","9280","9280","9280"
"TPP1900M","0","22920","22920"
"JADO-19R","0","9800","9800"
"CLN-15AQ","0","0","0"
"CLN-19AQ","0","10590","10590"
"CLN-30AQ","0","18520","18520"
"CLN-30SU","0","15750","15750"
"ZPL-22GR","0","32770","32770"
"JADO-19AS","9800","9800","9800"
"260900081","0","1480","1480"
"1719997","0","700","700"
"1708150","1300","1300","1300"
"MP075","0","14270","14270"
"JMF500","0","12180","12180"
"DF2110-MB","0","13610","13610"
"DF2110-RD","0","13610","13610"
"SK2010BK","0","0","0"
"SK2020BK","0","28450","28450"
"DF2110-GT","11600","11600","11600"
"LA18G","0","7690","7690"
"32-180-C7","0","11010","11010"
"32-100-C5","0","8890","8890"
"32-100-C6","0","7260","7260"
"32-100-C7","0","7260","7260"
"34-100-C5","0","10090","10090"
"LA-18AS","9700","9700","9700"
"186296","0","12450","12450"
"JR-T011","8190","8190","8190"
"JR-T005","0","6020","6020"
"JR-T012","0","9830","9830"
"GB550-1LV","7100","7100","7100"
"32-100-C3","0","8460","8460"
"SVM2307-G","0","13400","13400"
"SVM2307-W","0","13400","13400"
"SVM2303-IB","10920","10920","10920"
"SVM2303-RS","10920","10920","10920"
"SVM2303-A","0","10800","10800"
"SVM2303-Y","0","10800","10800"
"SVM2302-B","0","7640","7640"
"SVM2302-SN","0","7640","7640"
"302425","0","14700","14700"
"1722876","0","1090","1090"
"BF5228B-CH","0","8750","8750"
"2851","0","1940","1940"
"2022260903-CAT","0","4898","4898"
"2022260903-BEAR","0","4898","4898"
"2022260903-DOG","0","4898","4898"
"LD-1173-YEL","0","3168","3168"
"LD-1173-AZP","0","3168","3168"
"LD-1173-BEI","0","3168","3168"
"LD-1173-CEL","0","3168","3168"
"1TONLHS065349","0","2916","2916"
"1TONLHS065749","0","2916","2916"
"1TONLHS068549","0","2916","2916"
"LD-1181-AZP","0","7380","7380"
"1TONLHS03067E","0","7380","7380"
"LD-1181-BL","0","8919","8919"
"LD-1181-CO","0","8919","8919"
"1TONLOHS07157E","0","7380","7380"
"1TONLHS06537E","0","7380","7380"
"LD-1181-PAR","0","8919","8919"
"LD-1181-VEO","0","8919","8919"
"LD-2023-AZP","0","11916","11916"
"1TONLHS03069H","0","11916","11916"
"1TONLHS00009H","0","11916","11916"
"1TONLHS06119H","0","11916","11916"
"1TONLHS07159H","0","11916","11916"
"LD-2023-LI","0","12951","12951"
"1TONLHS06579H","0","11916","11916"
"1TONLHS06859H","0","11916","11916"
"LD-2023-VEO","0","12951","12951"
"LD-1149-AZU","0","2511","2511"
"LD-1149-BE","0","2727","2727"
"LD-1149-BL","0","2511","2511"
"LD-1149-CA","0","2727","2727"
"LD-1149-CE","0","3030","3030"
"LD-1149-FU","0","3030","3030"
"LD-1149-LI","0","3030","3030"
"070249","0","2511","2511"
"LD-1149-ME","0","3030","3030"
"LD-1149-MO","0","3030","3030"
"LD-1149-NE","0","2511","2511"
"1TONLOM071449","0","2511","2511"
"LD-1149-PARO","0","2511","2511"
"LD-1149-PI","0","3030","3030"
"LD-1149-RO","0","3030","3030"
"1TONLOM069849","0","2511","2511"
"LD-1149-TU","0","2727","2727"
"LD-1149-VEPI","0","2511","2511"
"1TONLOM06887E","0","6246","6246"
"LD-1156-BE","0","6786","6786"
"1TONLOM00007E","0","6246","6246"
"1TONLOM03027E","0","6246","6246"
"LD-1156-LI","0","6246","6246"
"07027E","0","6246","6246"
"LD-1156-ME","0","7540","7540"
"1TOMLOM0NGR7E","0","6246","6246"
"1TONLOM06857E","0","6246","6246"
"1TONLOM07007E","0","6246","6246"
"1TONLOM06987E","0","6246","6246"
"LD-1156-VEPI","0","6246","6246"
"1TONLOM0685PF","0","8352","8352"
"LD-1164-BE","0","8352","8352"
"LD-1164-BL","0","10085","10085"
"LD-1164-ME","0","10085","10085"
"1TONLOM0NGR9F","0","8352","8352"
"LD-1164-OR","0","9077","9077"
"LD-1164-PARO","0","8352","8352"
"1TONLOM06989F","0","8352","8352"
"LD-1164-VEPI","0","10085","10085"
"2022020909-BL","0","1870","1870"
"2022020909-MC","0","2536","2536"
"2022020909-PI","0","1870","1870"
"20201026-BL","0","4131","4131"
"20201026-PI","0","4131","4131"
"20201021-BL","0","1139","1139"
"TH-320V","17237","17237","17237"
"TH-700VR","0","31926","31926"
"TH-410VI","25540","25540","25540"
"TH-300PB","0","22347","22347"
"TH-501V","0","28733","28733"
"TH-510V","0","31926","31926"
"20201049-WH","0","10509","10509"
"20200101-WH","2033","2033","2033"
"20200506-WH","0","4541","4541"
"20526-MAT","0","23024","23024"
"21963-MAT","0","21206","21206"
"20220208-BK","0","5891","5891"
"20220208-BL","0","5891","5891"
"2022020907-BK","0","5332","5332"
"2022020907-BL","5211","5211","5211"
"2022020907-GY","0","5211","5211"
"2022020907-PI","0","5211","5211"
"2022033016-MC","0","4526","4526"
"10101054-BK","0","3633","3633"
"10101054-BL","0","3633","3633"
"10101054-LEO","0","3633","3633"
"10101054-PI","0","3633","3633"
"10101054-RE","0","3633","3633"
"10101054-LB","0","3889","3889"
"2022033014-MC","0","5698","5698"
"2022020905-BKW","0","1124","1124"
"2022020905-BL","0","1175","1175"
"2022020905-MC","0","1211","1211"
"2022020905-FBL","0","1175","1175"
"2022020905-FSB","0","1373","1373"
"2022020905-LE","0","1175","1175"
"2022020905-SWH","0","1411","1411"
"LN-9.5M","0","4500","4500"
"LS-CA6M","0","9453","9453"
"LS-G21M","0","6000","6000"
"LS-L5M","6000","6000","6000"
"LS-MA4M","0","6000","6000"
"20200116-WH","0","643","643"
"MA-1845-WH","0","9990","9990"
"MA-1845-GY","0","0","0"
"CABB142272","0","7490","7490"
"CABB142273","0","7490","7490"
"CBMFCR1822","0","6690","6690"
"CBMFFR1851","6690","6690","6690"
"CBMEME1810","0","6690","6690"
"CBMBME1810","0","6690","6690"
"CBMEPO1822","0","6690","6690"
"CBMBPO1801","0","6690","6690"
"CBMBRS1850","0","6690","6690"
"CBMBRS1810","0","6690","6690"
"CBSBB18180","0","5990","5990"
"CBSHB18180","0","5990","5990"
"CBSLT18180","0","5990","5990"
"CBSPE18180","0","5990","5990"
"CBSPB18180","0","5990","5990"
"CBSPR18180","0","5990","5990"
"CBSPT18180","0","5990","5990"
"MA-873","0","8390","8390"
"MA-1091","0","7460","7460"
"MA-1391","0","7190","7190"
"MA-1092","0","6990","6990"
"MA-855","0","10490","10490"
"76435457444124","17990","17990","17990"
"CSB8142554","0","9500","9500"
"CSB8142552","0","9500","9500"
"CSB8142510","0","12690","12690"
"CSB8142529","0","12690","12690"
"MA-871-BK","0","12690","12690"
"MA-871-CRE","0","0","0"
"MA-871-MO","0","12690","12690"
"CANV142272","0","6390","6390"
"CANV142222","0","6390","6390"
"CANV142219","0","6390","6390"
"CANV142246","0","6390","6390"
"CANV142234","0","6390","6390"
"CANV142229","0","6390","6390"
"CANV142237","0","6390","6390"
"CANV142203","0","6390","6390"
"CANV142227","0","6390","6390"
"CAES142272","0","9490","9490"
"CAES142222","0","9490","9490"
"CAES142270","0","9490","9490"
"CAES142210","0","9490","9490"
"CAES142229","0","9490","9490"
"CSBM142522","0","12690","12690"
"CSBM142570","0","12690","12690"
"CSBM142510","0","0","0"
"CSBM142501","0","0","0"
"76435413679865","0","9500","9500"
"76435440283129","0","9500","9500"
"JSBBB20P22","0","10500","10500"
"JSBCR15P51","0","8590","8590"
"JSBCR20P51","0","10500","10500"
"JSBLN15P67","0","8590","8590"
"JSBLN20P67","0","10500","10500"
"JSBON15P22","0","8590","8590"
"JSBON20P22","0","10500","10500"
"JSBRM20P29","0","10500","10500"
"05072023-VCL","0","4790","4790"
"MA-1980","0","4790","4790"
"JTFLOREN51","0","5990","5990"
"JTFLOREN03","0","5990","5990"
"JTFLOREN10","0","5990","5990"
"JTFLOREN29","0","5990","5990"
"JTFLOREN36","0","5990","5990"
"MPVCCURC29","0","2990","2990"
"MPVCCURE29","0","3290","3290"
"MPVCFLRC51","0","2990","2990"
"MPVCFLRE51","0","3290","3290"
"MPVCRORC43","0","2990","2990"
"MPVCRORE43","0","3290","3290"
"76435462238791","17990","17990","17990"
"76435457444124","0","0","0"
"77981296195733","16990","16990","16990"
"77981304684432","16990","16990","16990"
"77981312869721","16990","16990","16990"
"77981293439252","16990","16990","16990"
"MA-2019","0","5990","5990"
"MA-1450","0","5990","5990"
"21022024","0","5990","5990"
"10101065-BL","4113","4113","4113"
"10101066-FB","0","8403","8403"
"10101066-HW","0","8403","8403"
"10101066-LU","0","8403","8403"
"10101066-DB","0","8403","8403"
"826135","0","6555","6555"
"826141","0","6555","6555"
"826140","0","6555","6555"
"826139","0","6555","6555"
"826138","0","6555","6555"
"826115","0","7125","7125"
"826113","0","7125","7125"
"826112","0","7125","7125"
"20191270-BG","0","6453","6453"
"20191270-BL","0","6453","6453"
"20191273-BG","0","4113","4113"
"20191273-DGY","0","4113","4113"
"20191273-GY","0","4113","4113"
"10101069-TU","0","3303","3303"
"10101069-GY","0","3303","3303"
"10101068-CAT","0","4653","4653"
"20201031-BL","4114","4114","4114"
"20201031-VE","0","4114","4114"
"20201031-OR","7322","7322","7322"
"20201031-PI","0","4240","4240"
"10101064-BL","0","13069","13069"
"20191272-BR","0","12028","12028"
"20191272-CR","0","11460","11460"
"20191272-GY","0","8106","8106"
"2022050901-BG","0","10056","10056"
"2022050901-PI","0","10056","10056"
"2022050901-RW","0","10056","10056"
"20191271-BL","0","0","0"
"20191271-BR","0","0","0"
"20191271-TQ","10954","10954","10954"
"2022050902-WG","0","9238","9238"
"10101067-MC","0","3213","3213"
"10101067-DG","0","10918","10918"
"10101067-TS","0","11332","11332"
"33102024","2138","2138","2138"
"66845337708803","0","2941","2941"
"20191278-YE","8032","8032","8032"
"SG-1560","0","0","0"
"2020191294-GY","0","8906","8906"
"SG-1650","0","25204","25204"
"SG-1850","0","0","0"
"21988-MAT","0","18176","18176"
"MH-1715","0","49242","49242"
"MH-545","0","93217","93217"
"70474548110048","0","120723","120723"
"MH-2033","0","39400","39400"
"MH-2034","0","44073","44073"
"MH-1070","0","0","0"
"MH-30347","0","137560","137560"
"MH-1067","0","93217","93217"
"MH-1103","0","101837","101837"
"MH-21504","0","127616","127616"
"MH-1688","0","150299","150299"
"MH-1458","0","109916","109916"
"MH-1074","0","158883","158883"
"2020191303-WH","4536","4536","4536"
"TH-20R02","0","0","0"
"TH-20DM","0","64279","64279"
"TH-18B05","0","49993","49993"
"TH-20S01","0","49993","49993"
"TH-25DM","0","71421","71421"
"2022260902-SB","5262","5262","5262"
"2022260902-GR","5262","5262","5262"
"2022260902-PI","5262","5262","5262"
"2022260902-PU","5262","5262","5262"
"22200803-DB","0","3812","3812"
"22200803-LB","0","3812","3812"
"22200803-WH","0","3812","3812"
"2020191320-DB","0","5451","5451"
"2020191320-LB","0","5451","5451"
"2020191295-BK","0","27336","27336"
"CMT-SBT20/CE32","0","43691","43691"
"MHC-V02","0","92429","92429"
"22001-MAT1","0","3024","3024"
"22001-MAT3","0","3024","3024"
"22001-MAT4","0","3024","3024"
"22001-MAT2","0","3024","3024"
"20200120-BL","0","7036","7036"
"2022061507-BK","11944","11944","11944"
"07122023","0","14000","14000"
"SP78129","0","12815","12815"
"20200121-BL","0","8095","8095"
"20200121-AZ","0","8095","8095"
"20200121-VE","0","8095","8095"
"20201022-BL","0","3827","3827"
"20201022-PI","0","3827","3827"
"BG-7690","0","20202","20202"
"20200119-BG","10831","10831","10831"
"2023021901-BP","0","11985","11985"
"20200119-BL","0","10831","10831"
"20200119-BK","0","14000","14000"
"20200119-PI","0","12087","12087"
"2023021901-PI","14000","14000","14000"
"20200119-PU","0","12984","12984"
"2023021901-PU","14000","14000","14000"
"2022061504-BK","0","29706","29706"
"2022061512-BK","0","7941","7941"
"2022061506-BK","18363","18363","18363"
"MN81235","0","12815","12815"
"SP78006","0","8103","8103"
"SP78006.WALL","0","8103","8103"
"DS80870","0","10251","10251"
"2022053102-BK","0","11229","11229"
"2022053102-GY","0","11229","11229"
"2022053102-NB","11229","11229","11229"
"2022053102-RW","0","11229","11229"
"2022053102-TQ","0","11229","11229"
"2022020912-BK","0","29706","29706"
"2020191308-BK","0","46049","46049"
"20191266-BL","0","4595","4595"
"20191266-AZ","0","4595","4595"
"20191266-GR","0","4595","4595"
"PS0404C","19995","19995","19995"
"PS0405B","22046","22046","22046"
"PS0201B","15379","15379","15379"
"20191265-FE","0","2544","2544"
"20191265-MC","0","3408","3408"
"20191265-PI","0","3408","3408"
"20191265-SI","0","3408","3408"
"BG-1800-LB","19906","19906","19906"
"BG-1800-CR","0","18248","18248"
"BG-1800-BK","19906","19906","19906"
"BG-1800-PI","19906","19906","19906"
"SG-2805","0","31506","31506"
"2020191322-SI","0","15784","15784"
"2020191301-SI","0","6059","6059"
"2020191290-BL","0","20356","20356"
"2020191290-LPI","0","20356","20356"
"2020191290-PI","0","20356","20356"
"20200118-BK","0","5234","5234"
"1637327040167","0","5467","5467"
"20200118-LH","0","5857","5857"
"MT-1009","1850","1850","1850"
"MT-1011","0","1850","1850"
"MT-1541","1850","1850","1850"
"MT-1010","1850","1850","1850"
"MT-55","0","2535","2535"
"MT-921","0","2200","2200"
"MT-55-2","0","1900","1900"
"MT-188","0","4590","4590"
"MT-1065","1700","1700","1700"
"MT-1974-BL","0","0","0"
"MT-1974-BR","0","14790","14790"
"MT-1974-GY","0","0","0"
"MT-1974-RD","0","0","0"
"MT-372","0","900","900"
"MT-270","0","1190","1190"
"MT-56","900","900","900"
"MT-269","0","800","800"
"MT-540","0","800","800"
"MT-926","0","1900","1900"
"MT-927","0","0","0"
"MT-373","1190","1190","1190"
"MT-932","0","800","800"
"MT-1998","0","2200","2200"
"MT-1008","1100","1100","1100"
"MT-1066","1200","1200","1200"
"2022053107-BK","0","3055","3055"
"2022053107-BL","0","3055","3055"
"2022053107-WH","0","3055","3055"
"TH-8705","0","0","0"
"TH-8720","0","21069","21069"
"TH-8725","21069","21069","21069"
"31102024-MNIE","3663","3663","3663"
"31102024-PASC","3663","3663","3663"
"31102024-RENO","3663","3663","3663"
"16988-MAT2","0","9085","9085"
"16988-MAT1","0","9085","9085"
"TH-40PC","0","69741","69741"
"TH-38iF","0","23624","23624"
"SG-2411","0","10078","10078"
"SG-2502","0","11338","11338"
"75017194710818","0","13000","13000"
"KH-0011-BL","3700","3700","3700"
"KH-0011-WH","3700","3700","3700"
"KH-0011-CA","0","3700","3700"
"KH-0011-EST","0","3700","3700"
"KH-0011-FUC","0","3700","3700"
"KH-0011-GY","3700","3700","3700"
"KH-011MD","3700","3700","3700"
"KH-0011-OR","0","3700","3700"
"KH-0011-BK","3700","3700","3700"
"KH-0011-RE","0","3700","3700"
"KH-0011-TUR","0","3700","3700"
"KH-0011-GR","3700","3700","3700"
"70247781285758","2990","2990","2990"
"PKSABFRA-BLGY","0","9800","9800"
"PKSABFRA-BLPU","0","9800","9800"
"PKSABFRA-BLBK","0","9800","9800"
"PKSABFRA-PIPI","0","9800","9800"
"PKSABFRA-GRCRE","0","9800","9800"
"PKSABFRA-GRPI","0","9800","9800"
"PKSABFRA-BLBL","0","11900","11900"
"PKSABFRA-BLRE","0","11900","11900"
"PKSABFRA-BRGY","0","11900","11900"
"PKSABFRA-BRBR","0","11900","11900"
"PKSABFRA-CREBR","0","11900","11900"
"PKSABFRA-GYGY","0","11900","11900"
"PKSABFRA-PIRE","0","11900","11900"
"PKSABFRA-GRBR","0","11900","11900"
"PKSABFRA-GRRE","0","11900","11900"
"2020191312-BK","0","8055","8055"
"PACKMA-BK","31084","31084","31084"
"BH-6579","0","15146","15146"
"BL-153MBSP","0","0","0"
"77583525976234","2941","2941","2941"
"77488595357852","0","1500","1500"
"2022053104-BU","0","2401","2401"
"2022053104-DU","0","2401","2401"
"2022053104-FR","2401","2401","2401"
"2022053104-MO","0","2401","2401"
"77488566837377","2521","2521","2521"
"2022061518-BK","12353","12353","12353"
"2022061519-BK","0","6000","6000"
"20200909-AZ","0","0","0"
"10082020GLD","0","0","0"
"BS-B92-BL_CG","0","6044","6044"
"BS-B92-RE_CG","0","6044","6044"
"2022033002-BK","0","12000","12000"
"2022033002-CA","0","17029","17029"
"2022033002-GY","0","17029","17029"
"2022033002-RE","0","12000","12000"
"BS-B98-RE_CG","0","5371","5371"
"B140-BK_CG","0","0","0"
"B140-BL_CG","0","10117","10117"
"B140-GY_CG","0","10117","10117"
"B140-RE_CG","0","10117","10117"
"B134-RE_CG","0","6044","6044"
"BH-1602","0","20197","20197"
"TH-180","0","18825","18825"
"TH-224","0","36397","36397"
"2020191293-BL","0","21810","21810"
"2020191292-RE","0","21810","21810"
"2020191292-BKL","0","41136","41136"
"2020191292-BKM","0","38882","38882"
"2020191292-BKS","0","38882","38882"
"2020191291-PIM","43641","43641","43641"
"2020191291-PIS","43641","43641","43641"
"20191283-BK","0","4500","4500"
"20191283-GR","0","6794","6794"
"20191283-OR","0","6794","6794"
"20191283-PIK","0","6794","6794"
"2022033004-MC","0","2662","2662"
"TH-9005V","0","19153","19153"
"TH-9010V","25540","25540","25540"
"2020191296-GM","0","2070","2070"
"2020191297-CMC","2764","2764","2764"
"2020191297-DMC","0","3524","3524"
"2020191297-LMC","0","3524","3524"
"2020191298-TG","0","5234","5234"
"28325-MAT","0","15145","15145"
"24844-MAT2","0","13933","13933"
"24844-MAT3","0","13933","13933"
"24844-MAT1","0","13933","13933"
"67423008434538","0","0","0"
"KH-86","0","0","0"
"KH-0006","0","0","0"
"TH-7052","0","14044","14044"
"TH-7170","0","19153","19153"
"TH-7001","0","8296","8296"
"TH-7003","9573","9573","9573"
"TH-7146","0","12128","12128"
"KH-1003","0","13000","13000"
"KH-1002","0","13000","13000"
"KH-1001","0","10500","10500"
"KH-91-CEV","0","8100","8100"
"KH-91-FLAZ","0","8700","8700"
"KH-91-FLVE","0","8100","8100"
"KH-91-HOBE","0","8700","8700"
"KH-91-MAAZ","0","0","0"
"KH-91","0","8700","8700"
"KH-91-MAZ","0","8100","8100"
"KH-91-MANA","0","8100","8100"
"KH-91-PUAZ","0","0","0"
"KH-SDAZ","0","8700","8700"
"KH-91-SDRO","0","8700","8700"
"KH-92-CEV","0","10500","10500"
"KH-92-CIV","0","9700","9700"
"KH-92-FLA","0","0","0"
"KH-92-FLV","0","9700","9700"
"KH-92-HOB","0","10500","10500"
"KH-92-MAZ","0","10500","10500"
"KH-92","0","9700","9700"
"KH-92-MAR","0","9700","9700"
"KH-92-MAA","0","9700","9700"
"KH-92-MAN","0","10500","10500"
"KH-92-PUA","0","10500","10500"
"KH-93","0","12000","12000"
"KH-1018","0","0","0"
"KH-0005","0","0","0"
"050631402145","0","15600","15600"
"KH-851","0","15600","15600"
"KH-1015","0","0","0"
"KH-1864","0","0","0"
"KH-1021","0","17000","17000"
"KH-1022","0","17000","17000"
"KH-1020","0","0","0"
"010630802013","5775","5775","5775"
"67475817024084","0","5775","5775"
"010631403013","6675","6675","6675"
"KH-791","8924","8924","8924"
"21917212202","0","11765","11765"
"21917212102","0","11765","11765"
"69417871348687","0","25211","25211"
"69417876505875","0","25211","25211"
"69417868159983","0","25211","25211"
"69417872251690","0","25211","25211"
"69417997695865","0","21008","21008"
"75492734770498","11900","11900","11900"
"73150170674330","0","21000","21000"
"73150171131798","0","21000","21000"
"73150158748775","0","21000","21000"
"77162184107936","21000","21000","21000"
"77162187808144","0","21000","21000"
"77162185488791","21000","21000","21000"
"77162186745008","0","21000","21000"
"MG-2000","0","47058","47058"
"71863961458608","0","39990","39990"
"71863960087925","0","39998","39998"
"POASAPRE","47600","47600","47600"
"POASATRA","29750","29750","29750"
"20265-MAT1","0","4236","4236"
"20265-MAT2","0","4236","4236"
"24266-MAT","0","19994","19994"
"19520-MAT","0","13933","13933"
"21968-MAT","0","13327","13327"
"24325-MAT","0","18176","18176"
"23950-MAT","0","5448","5448"
"20255-MAT","0","13327","13327"
"18839-MAT","0","4794","4794"
"21966-MAT","0","11509","11509"
"20258-MAT","0","36358","36358"
"22165-MAT","0","24236","24236"
"18836-MAT","0","2115","2115"
"18837-MAT","0","9691","9691"
"20261-MAT","0","7794","7794"
"24132-MAT","0","7873","7873"
"20676-MAT1","0","6661","6661"
"20676-MAT2","0","6661","6661"
"826118","0","10925","10925"
"20201043-BK","0","25009","25009"
"2022033031-BR","0","8147","8147"
"2020191311-BK","0","3010","3010"
"TH-9160","0","35120","35120"
"76530407296361","0","0","0"
"PHV-01","0","11500000","11500000"
"66740083718325","0","0","0"
"NN-139","0","0","0"
"NN-138","0","0","0"
"66845344891435","0","2101","2101"
"120191251-BL","0","4552","4552"
"120191251-WH","0","4552","4552"
"120191246-BL","0","5106","5106"
"120191246-BLBR","0","0","0"
"120191246-BLGO","0","0","0"
"120191246-BLSI","0","5106","5106"
"120191246-SIBL","0","5106","5106"
"120191246-SIAZ","0","5106","5106"
"120191246-SIRE","0","0","0"
"120191248-BL","0","4765","4765"
"120191248-WH","0","4765","4765"
"120191231-BL","0","5276","5276"
"120191231-BLSI","0","0","0"
"120191231-AZ","0","5276","5276"
"120191231-WH","0","5276","5276"
"120191241-BK","0","4552","4552"
"120191241-BLWH","0","4552","4552"
"120191241-SI","0","4552","4552"
"120191241-SIBL","0","4552","4552"
"120191250-AZ","0","0","0"
"120191250-RE","0","4552","4552"
"120191247-SIBL","0","0","0"
"120191247-SIWH","0","4552","4552"
"1201912353-BL","0","5667","5667"
"1201912353-BLWH","0","5667","5667"
"1201912353-SIBL","0","5667","5667"
"1201912353-SIBR","0","5667","5667"
"120191229-BL","0","4808","4808"
"120191229-BLAZ","0","4808","4808"
"120191229-AZ","0","4808","4808"
"120191229-SI","0","4808","4808"
"120191230-BL","0","4808","4808"
"120191230-AZ","0","4808","4808"
"120191230-RE","0","4808","4808"
"120191230-WH","0","4808","4808"
"120191232-BL","0","4808","4808"
"120191232-SI","0","0","0"
"120191232-SIBL","0","4808","4808"
"120191232-BLWH","0","4808","4808"
"120191242-RE","0","5522","5522"
"120191242-SIAG","0","0","0"
"120191228-BL","0","17097","17097"
"120191228-BR","0","8927","8927"
"120191228-CA","0","0","0"
"120191237-BL","0","9777","9777"
"120191237-AZ","0","9777","9777"
"120191237-SI","0","9777","9777"
"120191238-BL","0","7531","7531"
"120191238-BLBR","0","7531","7531"
"120191238-GO","0","7531","7531"
"120191238-GOAZ","0","7531","7531"
"120191238-SI","0","0","0"
"120191236-BLBR","0","9777","9777"
"120191235-BLRE","0","9777","9777"
"120191235-SIWH","0","0","0"
"120191235-SIBL","0","9777","9777"
"120191235-SIAZ","0","0","0"
"120191233-BL","0","9531","9531"
"120191233-GO","0","9531","9531"
"120191233-RE","0","9531","9531"
"120191233-SI","0","9531","9531"
"120191234-BL","0","6722","6722"
"120191234-GO","0","6722","6722"
"120191234-GOSI","0","6722","6722"
"120191234-BR","0","6722","6722"
"120191234-SI","0","6722","6722"
"120191245-BL","0","4978","4978"
"120191245-BR","0","4978","4978"
"120191245-DBR","0","4978","4978"
"120191245-GO","0","4978","4978"
"120191245-SI","0","4978","4978"
"120191239-AZ","0","6808","6808"
"120191239-BL","0","6808","6808"
"120191239-GO","0","6808","6808"
"120191239-GOSI","0","6808","6808"
"120191239-SI","0","6808","6808"
"120191249-BR","0","0","0"
"120191249-GRGO","0","4552","4552"
"120191249-PIGY","0","0","0"
"120191249-SI","0","4552","4552"
"120191249-SIGO","0","4552","4552"
"120191240-BL","0","6127","6127"
"120191240-GO","0","6127","6127"
"120191240-PI","0","6127","6127"
"10101051-BK","0","7729","7729"
"2022033001-BK","0","5485","5485"
"10101052-BK","0","0","0"
"10101053-BK","0","7000","7000"
"10101053-WH","0","7000","7000"
"2022033011-BK","0","7029","7029"
"2022033011-BR","0","7029","7029"
"2022033011-RE","0","7029","7029"
"2022033011-WH","0","7029","7029"
"20191254-AV","0","20850","20850"
"20202806-BL","0","6561","6561"
"20202806-BR","0","8163","8163"
"20202806-LBR","0","8131","8131"
"20202807-AZ","0","8261","8261"
"20202807-BR","0","12918","12918"
"20202807-DBR","0","12918","12918"
"20202807-RE","0","7863","7863"
"20201039-BK","0","14","14"
"20201039-BKC","0","14353","14353"
"20201039-SI","0","14353","14353"
"20201040-BK","0","14353","14353"
"20201040-SI","0","14353","14353"
"20201041-BK","0","14876","14876"
"20201041-BKBR","0","14876","14876"
"120191243-BR","0","4808","4808"
"120191243-GO","0","6496","6496"
"120191243-PI","0","4808","4808"
"120191243-SI","0","6177","6177"
"120191243-WH","0","4808","4808"
"120191244-BL","0","4978","4978"
"120191244-BR","0","0","0"
"120191244-GO","0","0","0"
"120191244-GOGR","0","4978","4978"
"120191244-SI","0","6496","6496"
"20202808-BLRE","0","0","0"
"20202808-BLWH","0","0","0"
"20202809-BL","0","0","0"
"20202809-BR","0","0","0"
"2023111700HT17","0","26570","26570"
"2023111700HT21","0","26570","26570"
"2023111700HT8","0","28820","28820"
"2023111700QX5","0","22520","22520"
"2023111700S52","0","26570","26570"
"2023111700C21PRO","0","28450","28450"
"SW-HT12 -BLACK","0","13022","13022"
"SW-HT12-SILVER","0","13022","13022"
"SW-HT12PRO-GOLD","0","14818","14818"
"SW-HT17-BLUE","0","22000","22000"
"SW-HT17-ORANGE","0","12573","12573"
"SW-HT17-BLACK","0","22000","22000"
"SW-HT21-GOLD","0","12573","12573"
"SW-HT21-SILVER","0","12573","12573"
"SW-HT29-BLUE","0","11675","11675"
"SW-HT29-KHAKI","0","11675","11675"
"SW-HT29-BLACK","0","11675","11675"
"SW-HT29-GREEN","0","11675","11675"
"SWHT50-GDGD","0","22000","22000"
"SWHT50-GDPI","0","22000","22000"
"SWHT50-SISI","22000","22000","22000"
"SWHT50-SIWH","22000","22000","22000"
"SW-HT8-BLUE","0","14818","14818"
"SW-HT8-GRAY","0","14818","14818"
"SW-HT8-ORANGE","0","14818","14818"
"SW-HT8-BLACK","0","14818","14818"
"SW-KC83-BLUE","0","15267","15267"
"SW-KC83-GOLD","0","15267","15267"
"SWQX10-GD","22000","22000","22000"
"SWQX10-PI","22000","22000","22000"
"SW-T8PRO-GOLD","0","21104","21104"
"SW-T8PRO-SILVER","0","21104","21104"
"20202907-BL","5975","5975","5975"
"BB-5047","0","11106","11106"
"BB-2097","0","9086","9086"
"BL-5053","0","12601","12601"
"MSB921-A","10000","10000","10000"
"MSB921-B","0","10000","10000"
"MSB921-N","0","10000","10000"
"MSB921-V","0","10000","10000"
"MSB931-A","0","10488","10488"
"MCB8811-N","0","15447","15447"
"MCB8817-N","15447","15447","15447"
"MSB931-N","0","10488","10488"
"MCB8811-R","0","15447","15447"
"MCB8811-VM","15447","15447","15447"
"MCB8817-VM","15447","15447","15447"
"MCB109-4","10111","10111","10111"
"MCB193-C","0","9191","9191"
"MCB184-C","9651","9651","9651"
"MCB228-C","0","12871","12871"
"MCB109-C","10111","10111","10111"
"M415L-C","0","12411","12411"
"M415-N","12411","12411","12411"
"M415L-T","12411","12411","12411"
"MCB193-N","0","9191","9191"
"MCB184-N","9651","9651","9651"
"MCB228-N","0","12871","12871"
"MCB109-N","10111","10111","10111"
"MCB228-T","0","12871","12871"
"M215-T","0","11767","11767"
"ME116-C","0","15447","15447"
"ME309-C","0","17471","17471"
"ME116-N","0","15447","15447"
"ME309-N","0","17471","17471"
"ME116-T","0","15447","15447"
"RO-13018842","0","20919","20919"
"RO-13018843","0","21949","21949"
"RO-13020135","0","25121","25121"
"RO-13020136","0","26150","26150"
"BB-2417","0","7000","7000"
"BB-5070","0","9000","9000"
"BB-5072R","0","6000","6000"
"S/10101058","0","3270","3270"
"818657","0","15246","15246"
"821124","0","7319","7319"
"821063","0","20236","20236"
"821069","0","20236","20236"
"821066","0","20236","20236"
"TH-660I","0","0","0"
"2020191324-BK","0","8949","8949"
"TH-950","0","0","0"
"TH-958","0","21069","21069"
"TH-975","0","22347","22347"
"TH-952","0","11850","11850"
"TH-965","0","19153","19153"
"BH-1229","0","8581","8581"
"BH-1253","0","13287","13287"
"BH-1231","0","13287","13287"
"SE-1813","0","1797","1797"
"SE-258","0","3217","3217"
"SE-1646","0","2616","2616"
"SE-1912","0","30037","30037"
"SE-1693","0","1633","1633"
"SE-2057","0","650","650"
"SE-2025","0","909","909"
"SE-2059","0","759","759"
"SE-2058","0","650","650"
"SE-1850","0","923","923"
"SE-2022","0","448","448"
"SE-1917","0","6009","6009"
"SE-2005","0","9280","9280"
"SE-1812","0","15000","15000"
"SE-1804","0","0","0"
"SE-231","0","0","0"
"SE-194","0","0","0"
"SE-1911","0","24647","24647"
"SE-1910","0","45191","45191"
"SE-1647","0","4801","4801"
"SE-1648","0","4801","4801"
"SE-2031","0","12558","12558"
"SE-1808","0","3971","3971"
"SE-1656","0","0","0"
"SE-1806","0","2343","2343"
"SE-1848","0","2578","2578"
"SE-2026","0","0","0"
"SE-2004","0","2179","2179"
"SE-1751","0","10919","10919"
"SE-2027","0","5457","5457"
"SE-2030","0","8734","8734"
"SE-1849","0","9300","9300"
"SE-2028","0","5457","5457"
"SE-2032","0","1","1"
"SG-3012","0","0","0"
"SG-3025S","0","8187","8187"
"SG-3049C02","0","17011","17011"
"SG-3012C15","0","0","0"
"SG-3042","0","0","0"
"SG-3011","0","8187","8187"
"SG-3035","0","13229","13229"
"SG-3047","15750","15750","15750"
"SG-3049","0","17011","17011"
"SG-3049C01","0","17011","17011"
"BA-9891","410","410","410"
"BA-9889","410","410","410"
"20201027-BL","0","5","5"
"20201027-PI","0","5","5"
"2022020902-MC","0","9242","9242"
"10101073-MC","0","23523","23523"
"F36102024","3978","3978","3978"
"2020191317-MC","0","2278","2278"
"20191279-MC","0","6794","6794"
"2022260901-MC","0","6852","6852"
"20200507-AZ","0","1023","1023"
"4112025-GRWG","4288","4288","4288"
"4112025-REGO","4288","4288","4288"
"32102024-REGR","0","5047","5047"
"32102024-WHGO","0","5047","5047"
"20201019-BK","0","3610","3610"
"2020191323-SI","0","15729","15729"
"20191284-SI","0","12939","12939"
"BH-2417","0","0","0"
"BB-5072","0","6561","6561"
"BH-2421","0","27773","27773"
"BH-2513","0","16157","16157"
"BH-2514","0","0","0"
"BH-2534A","0","0","0"
"BH-2535A","0","0","0"
"BH-2537A","0","0","0"
"BH-2550","0","0","0"
"BH-2614A","0","0","0"
"2022061502-WH","0","941","941"
"BL-1031","0","0","0"
"BL-1410","0","0","0"
"BL-3244","0","0","0"
"BL-3160","0","35348","35348"
"2020191316-GY","0","43120","43120"
"2022061501-WH","0","1411","1411"
"10101074-BK","0","6616","6616"
"2022033012-WH","0","12412","12412"
"RG-119","0","0","0"
"BB-789","0","6560","6560"
"BB-788","0","6561","6561"
"20191269-BK","0","5019","5019"
"823740","0","5043","5043"
"823739","0","5043","5043"
"823742","0","5043","5043"
"823741","0","5043","5043"
"827010","0","5572","5572"
"RG-109","0","12621","12621"
"RG-111","0","12621","12621"
"RG-107","0","12621","12621"
"RG-110","0","12621","12621"
"SG-7220","0","25204","25204"
"SG-3510C15","0","13859","13859"
"SG-3510","0","13859","13859"
"SG-2420","8817","8817","8817"
"SG-3039","0","15750","15750"
"1643030777925","0","109244","109244"
"20201023-BL","0","58815","58815"
"20201023-GO","0","37","37"
"20201023-RE","0","58815","58815"
"20201023-WH","0","0","0"
"SL-1758","0","2000","2000"
"SL-1768","0","500","500"
"SL-1843","0","52100","52100"
"SL-1775","0","2000","2000"
"SL-2021","0","4621","4621"
"SL-1776","0","2000","2000"
"SL-1973","0","3798","3798"
"SL-1767","2000","2000","2000"
"SL-1673","0","2000","2000"
"10101078-BK","0","16528","16528"
"10101078-RE","0","16528","16528"
"10101077-BK","0","16422","16422"
"10101077-GR","0","16422","16422"
"10101077-PI","0","16422","16422"
"2022041402-BK","0","20092","20092"
"2022041402-GO","0","20092","20092"
"2022041402-GY","0","0","0"
"2022041402-PI","0","0","0"
"2022041401-BK","0","0","0"
"2022041401-GO","0","0","0"
"2022041401-GY","0","0","0"
"2022041401-PI","0","0","0"
"10101060-BK","0","19775","19775"
"10101060-BL","0","18012","18012"
"10101060-GY","0","18012","18012"
"10101060-PI","0","19775","19775"
"10101076-BK","0","19866","19866"
"10101076-GO","0","19866","19866"
"10101076-PI","0","19866","19866"
"2022041404-BK","0","0","0"
"2022041404-GO","0","0","0"
"2022041404-GY","0","24300","24300"
"10101061-BK","0","16952","16952"
"10101061-PI","0","16952","16952"
"2022041403-BK","0","0","0"
"2022041403-GO","0","0","0"
"2022041403-PI","0","0","0"
"10101059-BK","0","22683","22683"
"10101059-GY","0","22683","22683"
"10101059-PI","0","22683","22683"
"2022033024-BK","0","22354","22354"
"20200508-AZ","0","0","0"
"20200508-PI","0","10273","10273"
"20200508-YE","0","10273","10273"
"2020191304-BK","0","22281","22281"
"20191288-PI","37804","37804","37804"
"2022033022-MC","0","7295","7295"
"20201048-BK","20673","20673","20673"
"2020191302-BK","0","27034","27034"
"2020191326-BK","0","8949","8949"
"2022020903-BK","0","51631","51631"
"20271-MAT","0","8479","8479"
"24849-MAT","0","23024","23024"
"2022020901-BK","0","17471","17471"
"10101072-BL","0","0","0"
"15584-MAT","0","6055","6055"
"2022020913-PI","0","50752","50752"
"77550970602881","4117","4117","4117"
"TE-1879","0","1012","1012"
"TE-1878","0","2800","2800"
"TE-2061","0","24200","24200"
"TE-2048-BL","0","3800","3800"
"TE-2048-GR","0","3800","3800"
"TE-2047","0","3040","3040"
"TE-2045","0","0","0"
"TE-2049","2190","2190","2190"
"TE-1893","0","692","692"
"TE-2050","0","2190","2190"
"TE-1478","0","12080","12080"
"TE-1885","0","1770","1770"
"TE-1886","0","4300","4300"
"TE-2069","0","4390","4390"
"TE-1883","5587","5587","5587"
"TE-1477","0","5139","5139"
"TE-2072","0","1750","1750"
"TE-2073","0","4600","4600"
"DF2001-BL6","0","2870","2870"
"DF2001-RD6","0","2870","2870"
"TE-1881","0","21180","21180"
"LTPAZ2260","0","21180","21180"
"TE-1882","0","33520","33520"
"TE-2054","0","12310","12310"
"TE-2051","0","1600","1600"
"TE-1873","0","1242","1242"
"TE-1875","0","1289","1289"
"TE-1874","0","2289","2289"
"TE-1877","810","810","810"
"TE-2062","0","3290","3290"
"925180","0","5930","5930"
"820492","0","7220","7220"
"TE-2071","0","4930","4930"
"1720064","0","3250","3250"
"992427","0","6540","6540"
"TE-2070","0","3840","3840"
"TE-2011","0","5900","5900"
"TE-2013","0","4210","4210"
"TE-2012","0","4210","4210"
"TE-2052","0","5880","5880"
"TE-2053","0","1000","1000"
"TE-1479","0","22920","22920"
"TE-2046","0","6090","6090"
"TE-2060","0","0","0"
"TE-1476","0","11870","11870"
"TE-1896","0","11730","11730"
"32-180-C1","0","10280","10280"
"TE-1473","0","27090","27090"
"MATE-450","0","4640","4640"
"2022061503-BK","0","5000","5000"
"2022061517-PI","0","7000","7000"
"2022061517-BL","0","7000","7000"
"20201028-BK","0","3258","3258"
"20201016-WH","0","8021","8021"
"MP075CZ","10000","10000","10000"
"10101058-BL","0","3270","3270"
"10101058-GO","0","4249","4249"
"10101058-GY","0","4249","4249"
"10101058-BK","0","3270","3270"
"10101058-RE","0","3270","3270"
"10101058-PI","0","3270","3270"
"10101058-WH","0","4249","4249"
"2022053106-DNB","0","6437","6437"
"2022053106-NSB","0","6437","6437"
"2022053106-SOR","0","6437","6437"
"2022053106-TUR","0","6437","6437"
"77704051599141","6080","6080","6080"
"2022260907-BK","0","13716","13716"
"20210504-BL","0","4553","4553"
"73081828418463","0","14820","14820"
"9789588633107","0","14820","14820"
"9789588633060","0","14820","14820"
"9789588633114","0","18525","18525"
"TH-6650DTI","0","31926","31926"
"TH-4351","14044","14044","14044"
"TH-5407i","0","15960","15960"
"TH-5408i","15960","15960","15960"
"TH-4343N","0","10851","10851"
"TH-4212N","9573","9573","9573"
"TH-5005N","0","18515","18515"
"TH-5440TK","0","19153","19153"
"TH-38N","0","56464","56464"
"TH-48i","0","77640","77640"
"TH-510Vi","31926","31926","31926"
"TH-32","19153","19153","19153"
"TH-8706","0","12767","12767"
"1402","0","9573","9573"
"TH-7055","12767","12767","12767"
"7891228756052","0","9990","9990"
"7891228042711","0","13300","13300"
"7891228044982","0","11300","11300"
"106970","0","20000","20000"
"107010","20000","20000","20000"
"106930","0","20000","20000"
"106950","0","20000","20000"
"106990","20000","20000","20000"
"106980","0","20000","20000"
"107000","0","20000","20000"
"106940","20000","20000","20000"
"106960","0","20000","20000"
"33130","0","25000","25000"
"33100","0","25000","25000"
"33120","0","25000","25000"
"33110","25000","25000","25000"
"90660","0","5200","5200"
"90650","0","5200","5200"
"90640","5200","5200","5200"
"90710","0","5200","5200"
"90720","0","5200","5200"
"90670","0","5200","5200"
"90700","0","5200","5200"
"90690","0","5200","5200"
"90680","0","5200","5200"
"91620","0","2300","2300"
"91610","0","2300","2300"
"91600","0","2300","2300"
"91670","0","2300","2300"
"91680","0","2300","2300"
"91630","0","2300","2300"
"91640","0","2300","2300"
"91660","0","2300","2300"
"91650","0","2300","2300"
"22590","0","0","0"
"22580","0","0","0"
"22570","0","0","0"
"22640","0","7800","7800"
"22650","7800","7800","7800"
"22600","0","7800","7800"
"22630","7800","7800","7800"
"22620","0","7800","7800"
"22610","0","0","0"
"821670","0","6101","6101"
"821658","0","6101","6101"
"821664","0","6101","6101"
"821669","0","10043","10043"
"821657","0","10043","10043"
"821663","0","10043","10043"
"SL-2020-MI","0","3361","3361"
"SL-2020-PI","0","3361","3361"
"SL-2020-TS","0","3361","3361"
"SL-2020","0","3361","3361"
"PS-LX310BT/CLA9","0","98856","98856"
"20200505-BG","0","25694","25694"
"1594166537618","0","0","0"
"CR8005D_HA","0","0","0"
"710244225670","0","0","0"
"CR8005D_HB","0","0","0"
"CR8005D_TW_CHN","0","0","0"
"CR8005D_WS_CHN","0","0","0"
"VCTA17048","0","0","0"
"VCTA18267","0","0","0"
"VCTA18250","0","0","0"
"VCTA19462","0","0","0"
"201912119-BG","0","14889","14889"
"201912119-AZ","0","14889","14889"
"201912119-BR","0","14889","14889"
"201912119-PI","0","14889","14889"
"TH-116","0","13245","13245"
"TH-126","0","19153","19153"
"TH-120","0","15960","15960"
"TH-120R","0","15960","15960"
"TH-123","0","22347","22347"
"21921-MAT2","0","15145","15145"
"21921-MAT1","0","0","0"
"39102024","0","11638","11638"
"SG-8011","0","6296","6296"
"22105121920","0","4202","4202"
"V-712-PIRO","5876","5876","5876"
"V-712","5876","5876","5876"
"2190806110206","0","9244","9244"
"V-526","0","8818","8818"
"V-1455","0","3800","3800"
"2191722210209","0","7983","7983"
"2211722220203","0","7983","7983"
"2191722030203","0","7983","7983"
"2211722120305","0","9664","9664"
"2191722030302","0","9664","9664"
"V-1836","0","7641","7641"
"V-1090-BR","0","15876","15876"
"V-1090-GD","0","0","0"
"V-1090-GY","0","15876","15876"
"V-737-GD","0","0","0"
"V-737-GY","0","18818","18818"
"V-205","0","0","0"
"20690310100","0","1345","1345"
"21804270314","0","1345","1345"
"6971956786659","0","4117","4117"
"6987515132561","0","4537","4537"
"6987515132560","0","4537","4537"
"VD-10","0","3530","3530"
"2020191318-CO","0","4235","4235"
"2020191318-DPI","0","4235","4235"
"2020191318-EGR","0","4235","4235"
"2020191318-GR","0","4235","4235"
"2020191318-LPI","0","4235","4235"
"2020191318-SI","0","4466","4466"
"2020191318-SB","0","4235","4235"
"2020191318-VI","0","4235","4235"
"22216061102","0","6723","6723"
"22216061103","0","6723","6723"
"22215060204","0","12605","12605"
"22215060205","0","12605","12605"
"22117061602","0","10504","10504"
"22217062102","0","6723","6723"
"22217061702","0","6723","6723"
"22217061703","0","6723","6723"
"22217062303","0","6723","6723"
"22117061604","6723","6723","6723"
"22117061605","6723","6723","6723"
"22016222203","0","7893","7893"
"22215221203","0","12605","12605"
"22215221003","0","12605","12605"
"22111222002","0","12605","12605"
"22111222003","0","12605","12605"
"22111220904","0","12605","12605"
"22111222004","0","12605","12605"
"22017221202","0","7893","7893"
"22016222202","0","8403","8403"
"22016221203","0","8403","8403"
"22316220503","0","8403","8403"
"22016222204","0","7893","7893"
"22215221204","0","12605","12605"
"22215221004","0","12605","12605"
"22126221203","0","12605","12605"
"22126221204","0","12605","12605"
"22008221602","0","7893","7893"
"22108221202","0","7893","7893"
"22108221201","0","8403","8403"
"22011220403","0","12605","12605"
"22126222603","0","12605","12605"
"21926221203","0","12605","12605"
"22126222604","0","12605","12605"
"22312210304","0","16807","16807"
"22312210305","0","16807","16807"
"22116211203","0","12605","12605"
"22116210803","0","12605","12605"
"22116211204","0","12605","12605"
"22116210804","0","12605","12605"
"22111212003","0","16807","16807"
"22111212203","0","16807","16807"
"22111212004","0","16807","16807"
"22111212204","0","16807","16807"
"22018210103","0","12605","12605"
"22217210202","0","12605","12605"
"22117211202","0","12605","12605"
"22217210203","0","12605","12605"
"22217211203","0","0","0"
"22117211203","0","12605","12605"
"22217210204","0","12605","12605"
"22217211204","0","12605","12605"
"22117211204","0","12605","12605"
"22117211205","0","12605","12605"
"20107270915","0","4202","4202"
"16168-MAT","0","3630","3630"
"TH-12CM","0","28733","28733"
"9999916829168","0","10000","10000"
"40102024","0","22663","22663"
"1599091688936","0","0","0"
"9029590887","0","0","0"
"LP045","0","0","0"
"PIVN510976","0","0","0"
"PIVN510911_CG","0","0","0"
"840705109116","0","0","0"
"603497856916","0","16800","16800"
"PIVN510972","0","0","0"
"9029582515_CG","0","0","0"
"2434747861_CG","0","0","0"
"2564629881","0","0","0"
"1845121","0","0","0"
"PIVN510966_CG","0","0","0"
"PIVN511138_CG","0","0","0"
"PIVN511138","0","0","0"
"PIVN510813_CG","0","0","0"
"840705108133","0","0","0"
"9996096061_CG","0","0","0"
"PIVN510845","0","0","0"
"840705108454","0","0","0"
"ELV303","0","0","0"
"ELV307","0","0","0"
"8051766039294","0","0","0"
"58694158","0","0","0"
"9362496880_CG","0","0","0"
"093624968801","0","0","0"
"2564609460","0","0","0"
"PIVN510913_CG","0","0","0"
"PIVN510936_CG","0","0","0"
"LP043","0","0","0"
"9029564342_CG","0","0","0"
"4244201","0","0","0"
"9029585235_CG","0","0","0"
"2564624849","0","0","0"
"9029576087_CG","0","0","0"
"LP031_CG","0","0","0"
"PIVN510708_CG","0","0","0"
"PIVN511058","0","0","0"
"8122796641_CG","0","0","0"
"81227965761_C","0","0","0"
"PIVN510984","0","0","0"
"840705109840","0","0","0"
"PIVN510750_CG","0","0","0"
"PIVN510751_CG","0","0","0"
"PIVN510751","0","0","0"
"87181116","0","0","0"
"766871811106","0","0","0"
"53799618","0","0","0"
"LP036","0","0","0"
"PIVN510979","0","0","0"
"PIVN510978","0","0","0"
"PIVN510928_CG","0","0","0"
"8122795395_CG","0","0","0"
"349789988_CG","0","0","0"
"PIVN510977","0","0","0"
"PIVN510975","0","0","0"
"8122794025_CG","0","0","0"
"PIVN511036_CG","0","0","0"
"PIVN510916_CG","0","0","0"
"840705109161","0","0","0"
"5355134","0","0","0"
"0349785921_CG","0","0","0"
"603497859214","0","0","0"
"5436491","0","0","0"
"889854364915","0","0","0"
"9710536","0","0","0"
"3782570_CG","0","0","0"
"8122798653_CG","0","0","0"
"8122798651_CG","0","0","0"
"7559606541_CG","0","0","0"
"8122798649_CG","0","0","0"
"986490","0","0","0"
"PIVN510920_CG","0","0","0"
"2714724_CG","0","0","0"
"PIVN510969","0","0","0"
"2564665880_CG","0","0","0"
"LP053","0","0","0"
"7798114550537","0","0","0"
"PIVN510338","0","0","0"
"PIVN510849_CG","0","17990","17990"
"840705108492","0","0","0"
"MGMV002","0","0","0"
"5797089_CG","0","0","0"
"5797099_CG","0","0","0"
"602557970999","0","0","0"
"5749844_CG","0","0","0"
"CRLVNY023","0","0","0"
"2564633944_CG","0","0","0"
"825646339440","0","0","0"
"825277","0","7896","7896"
"826131","0","3211","3211"
"826128","0","3211","3211"
"826133","0","3211","3211"
"825742","19120","19120","19120"
"825738","0","19120","19120"
"819778","0","14900","14900"
"825747","0","22518","22518"
"825745","0","22518","22518"
"825743","0","22518","22518"
"825746","0","22518","22518"
"825730","0","3594","3594"
"825729","0","3594","3594"
"820456","0","24500","24500"
"820457","0","24500","24500"
"820459","0","18200","18200"
"819718","0","19990","19990"
"817730","0","19990","19990"
"819720","0","28620","28620"
"817734","0","20777","20777"
"819723","0","20777","20777"
"819793","0","21160","21160"
"819788","0","21160","21160"
"819798","0","26600","26600"
"819813","0","34439","34439"
"817852","0","34439","34439"
"817763","0","13900","13900"
"819747","0","13900","13900"
"819755","0","17400","17400"
"819754","0","15900","15900"
"819753","0","15900","15900"
"821756","0","12725","12725"
"826124","0","4410","4410"
"826125","0","4410","4410"
"826123","0","4410","4410"
"8226126","0","4410","4410"
"826031","0","6990","6990"
"826033","0","6990","6990"
"827083","0","6702","6702"
"827082","0","6702","6702"
"827080","0","6702","6702"
"827081","0","6702","6702"
"816423","0","0","0"
"816432","14858","14858","14858"
"816435","14017","14017","14017"
"816433","0","0","0"
"808799","0","3690","3690"
"816419","0","0","0"
"819104","0","48392","48392"
"820747","0","35000","35000"
"820748","0","37196","37196"
"820607","0","11610","11610"
"820610","0","11610","11610"
"WI-2039","0","4984","4984"
"823313","0","6405","6405"
"823309","0","6199","6199"
"823311","0","6405","6405"
"823314","0","7863","7863"
"823310","0","7863","7863"
"823312","0","7863","7863"
"825513","0","9277","9277"
"825511","0","9277","9277"
"825512","0","9277","9277"
"814908","4200","4200","4200"
"814912","0","4133","4133"
"814914","0","4200","4200"
"814910","0","4133","4133"
"814907","0","3368","3368"
"814911","0","3277","3277"
"814913","0","3277","3277"
"814909","0","3368","3368"
"827087","0","6702","6702"
"827086","0","6702","6702"
"827084","0","6702","6702"
"820909","0","2688","2688"
"818121","0","2688","2688"
"820912","0","3000","3000"
"820906","0","3000","3000"
"818133","2844","2688","2688"
"820897","0","4860","4860"
"820895","0","2688","2688"
"820914","0","2688","2688"
"820908","0","2688","2688"
"820910","0","3000","3000"
"820888","0","2688","2688"
"820898","0","2688","2688"
"820883","0","2688","2688"
"820881","0","2688","2688"
"820884","0","2688","2688"
"823666","0","4410","4410"
"823669","0","4410","4410"
"WI-1514","0","19449","19449"
"WI-1417","0","12304","12304"
"825183","0","17228","17228"
"823005","0","16659","16659"
"823008","0","16659","16659"
"823011","0","16659","16659"
"825180","0","17228","17228"
"823002","0","16659","16659"
"823006","0","19706","19706"
"825187","0","20321","20321"
"823012","0","19706","19706"
"825181","0","20321","20321"
"823003","0","19706","19706"
"823007","0","17104","17104"
"823013","0","21040","21040"
"825182","0","21027","21027"
"823004","0","17104","17104"
"820024","0","13083","13083"
"820025","0","16103","16103"
"820034","0","16103","16103"
"825193","0","20102","20102"
"825192","0","17043","17043"
"822942","0","16659","16659"
"822951","0","16659","16659"
"821545","0","19705","19705"
"825194","0","20976","20976"
"825160","0","17228","17228"
"822931","0","16659","16659"
"822915","0","16659","16659"
"822919","0","16659","16659"
"825144","0","17228","17228"
"822927","0","16659","16659"
"825161","0","20320","20320"
"821525","0","19706","19706"
"822932","0","19706","19706"
"822916","0","19706","19706"
"822920","0","19706","19706"
"825145","0","20320","20320"
"825149","0","20320","20320"
"825162","0","21204","21204"
"822921","0","21785","21785"
"822938","0","22911","22911"
"821519","0","22911","22911"
"822934","0","22911","22911"
"822922","0","24903","24903"
"825104","0","17405","17405"
"825092","0","17405","17405"
"821550","0","17018","17018"
"825076","0","17405","17405"
"822965","0","17018","17018"
"822977","0","17405","17405"
"825069","20939","20939","20939"
"821563","0","20038","20038"
"825085","0","20939","20939"
"825105","0","20939","20939"
"825093","0","20714","20714"
"822962","0","20714","20714"
"821567","0","20939","20939"
"822966","0","20750","20750"
"825101","0","20939","20939"
"822974","0","20037","20037"
"825097","0","20714","20714"
"820332","0","20000","20000"
"822978","0","20750","20750"
"822971","0","21647","21647"
"821564","0","22414","22414"
"822963","0","21911","21911"
"821568","0","22414","22414"
"822967","0","22414","22414"
"821556","0","22414","22414"
"821572","0","21647","21647"
"822972","0","24864","24864"
"821553","0","23000","23000"
"825099","0","23000","23000"
"825083","0","23000","23000"
"817309","54052","54052","54052"
"817310","56755","56755","56755"
"823026","0","11577","11577"
"820215","0","12470","12470"
"820212","0","12470","12470"
"820200","0","12470","12470"
"820203","0","12470","12470"
"823024","0","13596","13596"
"820213","0","14300","14300"
"820201","0","14300","14300"
"820216","0","14300","14300"
"820204","0","12470","12470"
"823019","0","14999","14999"
"820205","0","15638","15638"
"820208","0","15638","15638"
"823041","0","11577","11577"
"823032","0","11577","11577"
"823036","0","13596","13596"
"823045","0","13596","13596"
"823049","0","14999","14999"
"WI-1513","0","19449","19449"
"818916","0","9990","9990"
"817178","0","9990","9990"
"817183","0","11828","11828"
"818913","0","11500","11500"
"878889","0","11500","11500"
"818894","0","11500","11500"
"820642","13811","13811","13811"
"820639","0","16745","16745"
"820631","13811","13811","13811"
"820635","0","15831","15831"
"820630","0","17264","17264"
"820633","0","15831","15831"
"820634","0","17264","17264"
"820636","0","15831","15831"
"820637","0","15538","15538"
"820640","0","17264","17264"
"820641","0","15831","15831"
"WI-1414","0","13275","13275"
"824867","0","15831","15831"
"826352","0","15831","15831"
"826621","0","15357","15357"
"817286","0","11500","11500"
"819672","0","12304","12304"
"826367","0","15357","15357"
"820539","0","12304","12304"
"818981","0","13073","13073"
"826365","0","15837","15837"
"826348","15357","15357","15357"
"818987","0","13073","13073"
"826224","15357","15357","15357"
"826226","0","15357","15357"
"819828","0","13073","13073"
"825974","0","15357","15357"
"820537","0","13073","13073"
"820480","0","13073","13073"
"817296","0","11935","11935"
"824165","0","15831","15831"
"824163","0","15831","15831"
"824167","0","14286","14286"
"820533","0","9000","9000"
"820545","0","9000","9000"
"818983","0","12304","12304"
"820547","0","13073","13073"
"818995","0","11500","11500"
"820541","0","11500","11500"
"826899","0","15831","15831"
"WI-1925-AT","0","21040","21040"
"WI-1925-RG","0","21040","21040"
"WI-1925-VM","0","21040","21040"
"WI-1926-AT","0","23680","23680"
"WI-1926-RG","0","23680","23680"
"WI-1926-VM","0","23680","23680"
"WI-1927-AT","0","26560","26560"
"WI-1927-RG","0","26560","26560"
"WI-1927-VM","0","26560","26560"
"822984","0","16008","16008"
"822982","0","19284","19284"
"822989","0","20673","20673"
"825213","0","17043","17043"
"825216","0","17228","17228"
"825214","0","20321","20321"
"825219","17688","17688","17688"
"825225","0","0","0"
"825220","0","20577","20577"
"825226","0","20102","20102"
"825221","0","20976","20976"
"825227","0","21204","21204"
"825215","0","21204","21204"
"825212","0","21204","21204"
"WI-1416","0","19449","19449"
"826905","0","5415","5415"
"826902","0","5415","5415"
"826908","0","5415","5415"
"826904","0","4913","4913"
"826901","0","4913","4913"
"826907","0","4913","4913"
"826906","0","6017","6017"
"826840","0","8523","8523"
"824231","0","6730","6730"
"824243","0","6730","6730"
"826849","0","8523","8523"
"824240","0","6730","6730"
"826855","0","8523","8523"
"826838","0","6556","6556"
"822274","0","5060","5060"
"822277","0","5060","5060"
"822280","0","5060","5060"
"822283","0","5060","5060"
"824235","0","6900","6900"
"826847","0","5917","5917"
"826853","0","5917","5917"
"826839","0","7521","7521"
"822275","0","6195","6195"
"822278","0","6195","6195"
"822281","0","5513","5513"
"822284","0","5513","5513"
"822287","0","5513","5513"
"822290","0","5513","5513"
"826848","0","7521","7521"
"826854","0","7521","7521"
"822279","0","6829","6829"
"822282","0","6829","6829"
"824237","0","7890","7890"
"77394530903222","0","8523","8523"
"826820","0","5917","5917"
"826829","0","5917","5917"
"826823","0","5917","5917"
"824211","0","4690","4690"
"826832","0","5917","5917"
"824220","0","4690","4690"
"822313","0","5060","5060"
"826826","0","5917","5917"
"824214","0","4690","4690"
"822310","0","5060","5060"
"822316","0","5060","5060"
"826835","0","5917","5917"
"826821","0","7521","7521"
"826830","0","7521","7521"
"826824","0","7521","7521"
"824212","0","5990","5990"
"826833","0","7521","7521"
"824221","0","5990","5990"
"822314","0","6195","6195"
"826827","0","7521","7521"
"824215","0","6890","6890"
"822311","0","6195","6195"
"822317","0","6195","6195"
"826836","0","7521","7521"
"826822","0","8523","8523"
"826831","0","8523","8523"
"826825","0","8523","8523"
"826834","0","8523","8523"
"826828","0","8523","8523"
"826837","0","8523","8523"
"819031","0","9080","9080"
"824304","0","7900","7900"
"819028","0","9080","9080"
"819032","0","10340","10340"
"824305","0","9800","9800"
"824306","0","10591","10591"
"824313","0","7900","7900"
"819046","0","7900","7900"
"819038","0","11350","11350"
"816963","0","11350","11350"
"824311","0","9800","9800"
"824312","0","10500","10500"
"822391","0","7300","7300"
"822382","0","6415","6415"
"819004","0","9685","9685"
"819007","0","9685","9685"
"824254","0","9300","9300"
"822377","0","8175","8175"
"824251","0","7500","7500"
"824260","0","7500","7500"
"822386","0","8175","8175"
"822392","0","7300","7300"
"824245","0","7500","7500"
"826879","0","11933","11933"
"826875","0","11933","11933"
"818882","0","11500","11500"
"826883","0","11933","11933"
"826891","0","11933","11933"
"826887","0","11933","11933"
"826895","0","11933","11933"
"819005","0","11350","11350"
"819011","0","11350","11350"
"818927","0","7500","7500"
"824263","0","7500","7500"
"824266","0","7500","7500"
"818936","0","8500","8500"
"824275","0","8500","8500"
"825632","0","14048","14048"
"825633","14931","14931","14931"
"818923","0","6500","6500"
"822361","0","6415","6415"
"824265","0","6500","6500"
"824268","0","6500","6500"
"818935","0","6500","6500"
"822352","0","6415","6415"
"818932","0","6500","6500"
"824274","0","6500","6500"
"824271","0","7300","7300"
"818921","0","7500","7500"
"822362","0","8500","8500"
"822350","0","7200","7200"
"822353","0","8175","8175"
"822347","0","9300","9300"
"823142","0","9968","9968"
"823139","0","11978","11978"
"823136","0","13596","13596"
"823141","0","14596","14596"
"824252","0","9000","9000"
"824261","0","8500","8500"
"824258","0","9000","9000"
"824255","0","9000","9000"
"822384","0","9214","9214"
"824330","0","12900","12900"
"819012","0","12480","12480"
"826878","0","9326","9326"
"826882","0","9326","9326"
"826890","0","9326","9326"
"826886","0","9326","9326"
"826894","0","9326","9326"
"826880","0","13137","13137"
"826876","0","13137","13137"
"826884","0","13137","13137"
"826892","0","13137","13137"
"826881","0","13938","13938"
"826885","0","13938","13938"
"826893","0","13938","13938"
"825615","0","11397","11397"
"825624","0","14048","14048"
"827216","0","17548","17548"
"827220","0","17548","17548"
"827215","0","15543","15543"
"827211","0","15543","15543"
"827219","0","15543","15543"
"827217","0","19554","19554"
"827213","0","19554","19554"
"827221","0","19554","19554"
"820252","0","10854","10854"
"820253","0","13280","13280"
"820249","0","13280","13280"
"820258","0","14950","14950"
"820250","0","14950","14950"
"824393","0","8323","8323"
"824390","0","8323","8323"
"824387","0","8323","8323"
"824381","0","8323","8323"
"824384","0","8323","8323"
"824378","0","8323","8323"
"824394","0","9928","9928"
"824391","0","9928","9928"
"824388","0","9928","9928"
"824382","0","9928","9928"
"824385","0","9928","9928"
"824379","0","9928","9928"
"824395","0","10930","10930"
"824383","0","10930","10930"
"824380","0","10930","10930"
"820336","0","19715","19715"
"820344","0","19715","19715"
"820353","0","21674","21674"
"818988","0","7319","7319"
"823307","0","13770","13770"
"823308","0","13770","13770"
"822874","0","5232","5232"
"822876","0","5232","5232"
"817211","0","9328","9328"
"817215","0","9328","9328"
"817212","0","12416","12416"
"817220","0","12416","12416"
"817216","0","12416","12416"
"817213","0","13199","13199"
"819658","0","11280","11280"
"818621","0","9425","9425"
"818617","0","9425","9425"
"817214","0","15240","15240"
"819664","0","17800","17800"
"817222","0","15240","15240"
"817218","0","15240","15240"
"818653","0","15246","15246"
"WI-1427","0","8900","8900"
"822255","0","9912","9912"
"822259","0","10507","10507"
"822267","0","10507","10507"
"822251","0","10832","10832"
"822263","0","10832","10832"
"824974","0","7597","7597"
"824194","0","7120","7120"
"823406","0","7387","7387"
"824959","0","7597","7597"
"823381","0","7387","7387"
"823386","0","7327","7327"
"824975","0","8860","8860"
"824955","0","8304","8304"
"824965","0","8860","8860"
"823407","0","8594","8594"
"823402","0","8594","8594"
"824960","0","8304","8304"
"823382","0","9134","9134"
"822250","0","8357","8357"
"823387","0","9134","9134"
"824970","0","8860","8860"
"822872","0","8881","8881"
"822871","0","10516","10516"
"WI-1423","0","11835","11835"
"825325","8384","8384","8384"
"822425","0","8489","8489"
"823363","0","8394","8394"
"823366","0","8384","8384"
"821143","0","7795","7795"
"822429","0","8489","8489"
"824083","0","8384","8384"
"824071","0","8384","8384"
"824075","0","8384","8384"
"822433","0","8489","8489"
"823369","0","8594","8594"
"825329","8384","8384","8384"
"824063","0","8384","8384"
"823372","0","8394","8394"
"825337","0","8384","8384"
"827480","8384","8384","8384"
"821152","0","7795","7795"
"819525","0","7990","7990"
"822437","0","8489","8489"
"822441","0","8489","8489"
"823375","0","8394","8394"
"823378","0","8336","8336"
"821155","0","7795","7795"
"825341","8384","8384","8384"
"822445","0","8489","8489"
"824067","8384","8384","8384"
"821141","0","9912","9912"
"822426","0","10676","10676"
"823367","0","10808","10808"
"821144","0","9804","9804"
"822430","0","10676","10676"
"821147","0","9912","9912"
"824084","0","11467","11467"
"824072","0","10544","10544"
"824076","0","10544","10544"
"819520","0","9990","9990"
"821150","0","9912","9912"
"822434","0","10676","10676"
"823370","0","10808","10808"
"825330","10544","10544","10544"
"819523","0","9990","9990"
"824064","0","10544","10544"
"823373","0","10808","10808"
"825338","10544","10544","10544"
"824080","0","11467","11467"
"821153","0","9804","9804"
"822438","0","10676","10676"
"822442","0","10676","10676"
"823376","0","10300","10300"
"821156","0","9804","9804"
"825342","0","10544","10544"
"827477","10544","10544","10544"
"822446","0","10676","10676"
"823368","0","12456","12456"
"821145","0","11844","11844"
"824073","12528","12528","12528"
"824077","0","13624","13624"
"823371","0","12456","12456"
"824065","0","12528","12528"
"823356","0","12456","12456"
"826622","9391","9391","9391"
"823332","0","7820","7820"
"822260","0","12495","12495"
"822268","0","12495","12495"
"822264","0","12882","12882"
"824474","0","11914","11914"
"824482","0","11914","11914"
"821178","0","12283","12283"
"824478","0","11914","11914"
"821159","0","14552","14552"
"824483","14775","14552","14552"
"821163","0","15230","15230"
"819572","0","13600","13600"
"821167","0","14998","14998"
"821171","0","15462","15462"
"821175","0","14552","14552"
"821179","0","14552","14552"
"824479","0","14998","14998"
"817482","0","13990","13990"
"824475","14552","14552","14552"
"817487","0","12990","12990"
"819584","0","13990","13990"
"819588","0","13990","13990"
"817478","0","15990","15990"
"817488","0","15990","15990"
"819581","0","15990","15990"
"821180","0","16608","16608"
"817502","0","16830","16830"
"817407","0","8860","8860"
"818633","0","9912","9912"
"817467","0","9804","9804"
"817472","0","9804","9804"
"819635","0","9912","9912"
"817408","0","11140","11140"
"817388","0","9912","9912"
"819647","0","9912","9912"
"817291","7961","7961","7961"
"819673","0","7319","7319"
"826368","0","9391","9391"
"824868","0","8900","8900"
"524164","0","9681","9681"
"820540","0","7319","7319"
"820534","0","5500","5500"
"819833","0","5500","5500"
"818986","0","6800","6800"
"820546","0","7319","7319"
"826366","0","9391","9391"
"826349","9391","9391","9391"
"826225","0","9391","9391"
"819675","7961","7961","7961"
"826227","0","9391","9391"
"820548","0","6800","6800"
"818984","0","6800","6800"
"819677","0","7961","7961"
"818996","0","6800","6800"
"825975","9391","9391","9391"
"820538","0","7961","7961"
"820542","0","6800","6800"
"826353","9681","9681","9681"
"WI-1522","0","9166","9166"
"826044","0","10800","10800"
"826039","0","10800","10800"
"826042","0","10800","10800"
"826041","10800","10800","10800"
"820600","11399","11399","11399"
"821622","0","6900","6900"
"821613","0","6900","6900"
"821625","0","6900","6900"
"821619","0","6923","6923"
"821617","0","7500","7500"
"821611","0","7500","7500"
"825253","0","7896","7896"
"825250","0","7896","7896"
"821626","0","7500","7500"
"821623","0","7500","7500"
"821620","0","7500","7500"
"825251","0","8632","8632"
"820095","0","7487","7487"
"820093","0","7487","7487"
"820094","0","7487","7487"
"825246","0","7201","7201"
"825276","0","7201","7201"
"825244","0","7895","7895"
"825271","0","8482","8482"
"825278","0","8923","8923"
"825291","0","7201","7201"
"825288","0","7201","7201"
"825285","0","7201","7201"
"823059","0","6348","6348"
"823053","0","6348","6348"
"823056","0","6348","6348"
"823051","0","7555","7555"
"825295","0","7896","7896"
"825283","0","8482","8482"
"823063","0","7555","7555"
"825286","0","8482","8482"
"825441","0","7952","7952"
"825435","0","7952","7952"
"825429","0","6842","6842"
"825430","0","9453","9453"
"825445","0","9453","9453"
"825439","0","9453","9453"
"825431","0","10514","10514"
"825296","0","8923","8923"
"825287","0","8923","8923"
"825456","8168","8168","8168"
"825453","0","8421","8421"
"825462","0","8835","8835"
"825459","0","8421","8421"
"825447","0","8168","8168"
"825457","9700","9700","9700"
"825454","10000","10000","10000"
"825460","0","9700","9700"
"825451","0","10249","10249"
"825448","0","10000","10000"
"825458","0","10722","10722"
"825464","0","11486","11486"
"825449","10722","10722","10722"
"828105","10440","10440","10440"
"824966","0","10440","10440"
"823408","0","11484","11484"
"823403","0","10440","10440"
"824961","0","11140","11140"
"823383","0","10440","10440"
"823388","0","10808","10808"
"823398","0","10440","10440"
"824977","0","13248","13248"
"824967","0","13248","13248"
"823409","0","12841","12841"
"817409","0","13248","13248"
"823389","0","12841","12841"
"823399","12416","12416","12416"
"824978","0","14161","14161"
"824958","0","14161","14161"
"824183","0","13273","13273"
"823410","0","13770","13770"
"824173","0","13273","13273"
"823390","0","13770","13770"
"817087","0","36990","36990"
"817088","0","41950","41950"
"818671","0","6552","6552"
"818674","0","6552","6552"
"818675","0","6552","6552"
"823299","0","7592","7592"
"823300","0","7592","7592"
"823297","0","7592","7592"
"823302","0","7592","7592"
"824923","6750","6750","6750"
"824925","6750","6750","6750"
"824924","0","6750","6750"
"822734","0","14817","14817"
"822731","0","14817","14817"
"822733","0","14817","14817"
"822729","0","0","0"
"822730","0","14817","14817"
"825241","0","16615","16615"
"822721","0","14279","14279"
"822719","0","14279","14279"
"823317","0","16613","16613"
"823316","0","16613","16613"
"823315","0","16613","16613"
"823320","0","16613","16613"
"823319","0","16613","16613"
"823318","0","16613","16613"
"818060","0","3900","3900"
"818057","0","3900","3900"
"808800","0","3690","3690"
"824286","0","10900","10900"
"822581","0","8800","8800"
"822578","0","8800","8800"
"824293","0","12900","12900"
"822585","0","11282","11282"
"824281","0","12900","12900"
"826865","0","9928","9928"
"826868","0","9928","9928"
"826871","0","9928","9928"
"826866","0","12936","12936"
"826869","0","12936","12936"
"826872","0","12936","12936"
"826598","0","5007","5007"
"826600","0","5007","5007"
"826592","0","5007","5007"
"826583","0","5007","5007"
"826586","0","5007","5007"
"826588","0","5007","5007"
"824730","0","3675","3675"
"824731","0","3675","3675"
"824736","0","3675","3675"
"826608","0","5854","5854"
"826601","0","5854","5854"
"822690","0","6356","6356"
"822689","0","6356","6356"
"822685","0","6552","6552"
"822688","0","6552","6552"
"822687","0","6552","6552"
"824055","0","4267","4267"
"826818","0","4029","4029"
"824054","0","4267","4267"
"826814","0","4029","4029"
"824053","0","4029","4029"
"824052","0","4029","4029"
"826815","0","4029","4029"
"826819","0","4029","4029"
"819861","0","9903","9903"
"819862","0","9903","9903"
"819855","0","15972","15972"
"819856","15972","15972","15972"
"822463","0","4599","4599"
"816748","0","4599","4599"
"816089","0","4599","4599"
"816747","0","4599","4599"
"822465","0","4833","4833"
"823951","0","3000","3000"
"823924","0","3000","3000"
"823931","0","3000","3000"
"823947","0","3000","3000"
"823916","0","3000","3000"
"816744","0","1827","1827"
"816084","0","1827","1827"
"822461","0","1827","1827"
"816743","0","1827","1827"
"822462","0","1926","1926"
"816752","0","6894","6894"
"816094","0","6894","6894"
"822467","0","6894","6894"
"816751","0","6894","6894"
"822468","0","6894","6894"
"825324","0","8120","8120"
"824070","0","8860","8860"
"824074","0","8860","8860"
"825328","0","8120","8120"
"824062","0","8120","8120"
"825336","0","8120","8120"
"826900","0","9681","9681"
"825247","0","7895","7895"
